/*
Navicat MySQL Data Transfer

Source Server         : 本地
Source Server Version : 50640
Source Host           : localhost:3306
Source Database       : smart-home

Target Server Type    : MYSQL
Target Server Version : 50640
File Encoding         : 65001

Date: 2018-12-12 15:47:54
*/

SET FOREIGN_KEY_CHECKS=0;

-- ----------------------------
-- Table structure for alarm
-- ----------------------------
DROP TABLE IF EXISTS `alarm`;
CREATE TABLE `alarm` (
  `id` varchar(32) NOT NULL COMMENT '主键',
  `dev_id` varchar(32) DEFAULT NULL COMMENT '设备id',
  `dev_type` varchar(32) DEFAULT NULL COMMENT '设备型号',
  `alarm_type` varchar(2) DEFAULT NULL COMMENT '报警信息类型,“1”: 防拆报警;2”: 主机紧急报警;“3”: 有线防区报警;“4”: 遥控器报警 ；5: 无线防区报警;6”: 配件低压;“7”: 遥控器低压',
  `sensor_num` varchar(32) DEFAULT NULL COMMENT '配件编号',
  `zone_num` varchar(32) DEFAULT NULL COMMENT '防区编号',
  `create_time` datetime DEFAULT NULL COMMENT '创建时间',
  `update_time` datetime DEFAULT NULL COMMENT '更新时间',
  PRIMARY KEY (`id`)
) ENGINE=InnoDB DEFAULT CHARSET=utf8 COMMENT='报警表';

-- ----------------------------
-- Records of alarm
-- ----------------------------
INSERT INTO `alarm` VALUES ('01fba422f78b11e8a21652540015c4a0', '2091d5aaf39b11e8a21652540015c4a0', '42314B0D3C71608A', '4', '01', null, '2018-12-04 14:08:24', null);
INSERT INTO `alarm` VALUES ('02330844f76811e8a21652540015c4a0', 'a99c0c3df39a11e8a21652540015c4a0', '42314F0D3C71608A', '4', '01', null, '2018-12-04 09:57:52', null);
INSERT INTO `alarm` VALUES ('02e6868af78811e8a21652540015c4a0', 'a99c0c3df39a11e8a21652540015c4a0', '42314F0D3C71608A', '4', '01', null, '2018-12-04 13:46:57', null);
INSERT INTO `alarm` VALUES ('04f6c099f78b11e8a21652540015c4a0', '2091d5aaf39b11e8a21652540015c4a0', '42314B0D3C71608A', '4', '01', null, '2018-12-04 14:08:29', null);
INSERT INTO `alarm` VALUES ('08f6739ef47511e8a21652540015c4a0', '2091d5aaf39b11e8a21652540015c4a0', '42314B0D3C71608A', '4', '02', null, '2018-11-30 15:53:33', null);
INSERT INTO `alarm` VALUES ('0939fc72f47511e8a21652540015c4a0', 'a99c0c3df39a11e8a21652540015c4a0', '42314F0D3C71608A', '4', '01', null, '2018-11-30 15:53:34', null);
INSERT INTO `alarm` VALUES ('093fe2def47511e8a21652540015c4a0', 'a99c0c3df39a11e8a21652540015c4a0', '42314F0D3C71608A', '4', '01', null, '2018-11-30 15:53:34', null);
INSERT INTO `alarm` VALUES ('09d7c5f4f76f11e8a21652540015c4a0', 'a99c0c3df39a11e8a21652540015c4a0', '42314F0D3C71608A', '4', '01', null, '2018-12-04 10:48:11', null);
INSERT INTO `alarm` VALUES ('0b96b6d7f78c11e8a21652540015c4a0', 'a99c0c3df39a11e8a21652540015c4a0', '42314F0D3C71608A', '4', '01', null, '2018-12-04 14:15:50', null);
INSERT INTO `alarm` VALUES ('0d5c0a23f47011e8a21652540015c4a0', '2091d5aaf39b11e8a21652540015c4a0', '42314B0D3C71608A', '2', '01', null, '2018-11-30 15:17:53', null);
INSERT INTO `alarm` VALUES ('0fec3105f47711e8a21652540015c4a0', '2091d5aaf39b11e8a21652540015c4a0', '42314B0D3C71608A', '4', '01', null, '2018-11-30 16:08:04', null);
INSERT INTO `alarm` VALUES ('111fe34ff77911e8a21652540015c4a0', '2091d5aaf39b11e8a21652540015c4a0', '42314B0D3C71608A', '4', '01', null, '2018-12-04 11:59:59', null);
INSERT INTO `alarm` VALUES ('1166ec6ef76f11e8a21652540015c4a0', 'a99c0c3df39a11e8a21652540015c4a0', '42314F0D3C71608A', '4', '01', null, '2018-12-04 10:48:24', null);
INSERT INTO `alarm` VALUES ('138c8979f47011e8a21652540015c4a0', 'a99c0c3df39a11e8a21652540015c4a0', '42314F0D3C71608A', '2', '01', null, '2018-11-30 15:18:04', null);
INSERT INTO `alarm` VALUES ('156bbc46f78c11e8a21652540015c4a0', 'a99c0c3df39a11e8a21652540015c4a0', '42314F0D3C71608A', '4', '01', null, '2018-12-04 14:16:06', null);
INSERT INTO `alarm` VALUES ('15a18a91f47f11e8a21652540015c4a0', '2091d5aaf39b11e8a21652540015c4a0', '42314B0D3C71608A', '4', '01', null, '2018-11-30 17:05:30', null);
INSERT INTO `alarm` VALUES ('15a24ce7f47f11e8a21652540015c4a0', 'a99c0c3df39a11e8a21652540015c4a0', '42314F0D3C71608A', '4', '01', null, '2018-11-30 17:05:30', null);
INSERT INTO `alarm` VALUES ('1864ba48f46411e8a21652540015c4a0', '2091d5aaf39b11e8a21652540015c4a0', '42314B0D3C71608A', '4', '01', null, '2018-11-30 13:52:18', null);
INSERT INTO `alarm` VALUES ('1a33a020f46b11e8a21652540015c4a0', 'a99c0c3df39a11e8a21652540015c4a0', '42314F0D3C71608A', '4', '01', null, '2018-11-30 14:42:27', null);
INSERT INTO `alarm` VALUES ('1ee687d4f3c411e8a21652540015c4a0', 'a99c0c3df39a11e8a21652540015c4a0', '42314F0D3C71608A', '4', '01', null, '2018-11-29 18:47:09', null);
INSERT INTO `alarm` VALUES ('20f68a2cf46411e8a21652540015c4a0', '2091d5aaf39b11e8a21652540015c4a0', '42314B0D3C71608A', '4', '01', null, '2018-11-30 13:52:32', null);
INSERT INTO `alarm` VALUES ('23b8f4fdf78c11e8a21652540015c4a0', 'a99c0c3df39a11e8a21652540015c4a0', '42314F0D3C71608A', '4', '02', null, '2018-12-04 14:16:30', null);
INSERT INTO `alarm` VALUES ('26f3b562f79e11e8a21652540015c4a0', 'a99c0c3df39a11e8a21652540015c4a0', '42314F0D3C71608A', '2', '01', null, '2018-12-04 16:25:27', null);
INSERT INTO `alarm` VALUES ('2753ed8cf79e11e8a21652540015c4a0', 'a99c0c3df39a11e8a21652540015c4a0', '42314F0D3C71608A', '5', '01', null, '2018-12-04 16:25:27', null);
INSERT INTO `alarm` VALUES ('2a65dd33f78c11e8a21652540015c4a0', 'a99c0c3df39a11e8a21652540015c4a0', '42314F0D3C71608A', '4', '02', null, '2018-12-04 14:16:41', null);
INSERT INTO `alarm` VALUES ('2afd9d71f78c11e8a21652540015c4a0', 'a99c0c3df39a11e8a21652540015c4a0', '42314F0D3C71608A', '4', '02', null, '2018-12-04 14:16:42', null);
INSERT INTO `alarm` VALUES ('2c11e76cf76e11e8a21652540015c4a0', 'a99c0c3df39a11e8a21652540015c4a0', '42314F0D3C71608A', '4', '01', null, '2018-12-04 10:41:59', null);
INSERT INTO `alarm` VALUES ('2f65e5c8f47711e8a21652540015c4a0', '2091d5aaf39b11e8a21652540015c4a0', '42314B0D3C71608A', '4', '01', null, '2018-11-30 16:08:57', null);
INSERT INTO `alarm` VALUES ('30597a9df6a411e8a21652540015c4a0', '2091d5aaf39b11e8a21652540015c4a0', '42314B0D3C71608A', '4', '01', null, '2018-12-03 10:36:08', null);
INSERT INTO `alarm` VALUES ('3195f000f78c11e8a21652540015c4a0', 'a99c0c3df39a11e8a21652540015c4a0', '42314F0D3C71608A', '4', '02', null, '2018-12-04 14:16:53', null);
INSERT INTO `alarm` VALUES ('34d1c343f79d11e8a21652540015c4a0', 'a99c0c3df39a11e8a21652540015c4a0', '42314F0D3C71608A', '5', '01', null, '2018-12-04 16:18:40', null);
INSERT INTO `alarm` VALUES ('353f9ac1f77911e8a21652540015c4a0', '2091d5aaf39b11e8a21652540015c4a0', '42314B0D3C71608A', '4', '01', null, '2018-12-04 12:00:59', null);
INSERT INTO `alarm` VALUES ('36259c01f78911e8a21652540015c4a0', 'a99c0c3df39a11e8a21652540015c4a0', '42314F0D3C71608A', '4', '02', null, '2018-12-04 13:55:33', null);
INSERT INTO `alarm` VALUES ('387f9f83f79d11e8a21652540015c4a0', 'a99c0c3df39a11e8a21652540015c4a0', '42314F0D3C71608A', '5', '04', null, '2018-12-04 16:18:46', null);
INSERT INTO `alarm` VALUES ('39b9b758f47011e8a21652540015c4a0', 'a99c0c3df39a11e8a21652540015c4a0', '42314F0D3C71608A', '2', '01', null, '2018-11-30 15:19:08', null);
INSERT INTO `alarm` VALUES ('3a103110f79d11e8a21652540015c4a0', 'a99c0c3df39a11e8a21652540015c4a0', '42314F0D3C71608A', '5', '04', null, '2018-12-04 16:18:49', null);
INSERT INTO `alarm` VALUES ('3aeded25f78e11e8a21652540015c4a0', '2091d5aaf39b11e8a21652540015c4a0', '42314B0D3C71608A', '1', '01', null, '2018-12-04 14:31:28', null);
INSERT INTO `alarm` VALUES ('3b2ef1e9f3a111e8a21652540015c4a0', '2091d5aaf39b11e8a21652540015c4a0', '42314B0D3C71608A', '4', '01', null, '2018-11-29 14:37:24', null);
INSERT INTO `alarm` VALUES ('3d62edc1f78811e8a21652540015c4a0', 'a99c0c3df39a11e8a21652540015c4a0', '42314F0D3C71608A', '4', '01', null, '2018-12-04 13:48:35', null);
INSERT INTO `alarm` VALUES ('3da0830ef78911e8a21652540015c4a0', '2091d5aaf39b11e8a21652540015c4a0', '42314B0D3C71608A', '4', '01', null, '2018-12-04 13:55:45', null);
INSERT INTO `alarm` VALUES ('3eb9849cf76811e8a21652540015c4a0', 'a99c0c3df39a11e8a21652540015c4a0', '42314F0D3C71608A', '4', '01', null, '2018-12-04 09:59:34', null);
INSERT INTO `alarm` VALUES ('3ef25699f47011e8a21652540015c4a0', 'a99c0c3df39a11e8a21652540015c4a0', '42314F0D3C71608A', '4', '01', null, '2018-11-30 15:19:16', null);
INSERT INTO `alarm` VALUES ('3fa7e6c8f43d11e8a21652540015c4a0', 'a99c0c3df39a11e8a21652540015c4a0', '42314F0D3C71608A', '4', '01', null, '2018-11-30 09:14:13', null);
INSERT INTO `alarm` VALUES ('43a8d00bf46411e8a21652540015c4a0', '2091d5aaf39b11e8a21652540015c4a0', '42314B0D3C71608A', '4', '01', null, '2018-11-30 13:53:30', null);
INSERT INTO `alarm` VALUES ('449ccbcaf78d11e8a21652540015c4a0', 'a99c0c3df39a11e8a21652540015c4a0', '42314F0D3C71608A', '4', '01', null, '2018-12-04 14:24:35', null);
INSERT INTO `alarm` VALUES ('477d73fef78c11e8a21652540015c4a0', 'a99c0c3df39a11e8a21652540015c4a0', '42314F0D3C71608A', '4', '01', null, '2018-12-04 14:17:30', null);
INSERT INTO `alarm` VALUES ('480e1213f77811e8a21652540015c4a0', 'a99c0c3df39a11e8a21652540015c4a0', '42314F0D3C71608A', '4', '01', null, '2018-12-04 11:54:21', null);
INSERT INTO `alarm` VALUES ('49f54399f47f11e8a21652540015c4a0', 'a99c0c3df39a11e8a21652540015c4a0', '42314F0D3C71608A', '4', '01', null, '2018-11-30 17:06:57', null);
INSERT INTO `alarm` VALUES ('4de44a7ef47a11e8a21652540015c4a0', '2091d5aaf39b11e8a21652540015c4a0', '42314B0D3C71608A', '4', '01', null, '2018-11-30 16:31:16', null);
INSERT INTO `alarm` VALUES ('4fbbcfc6f47011e8a21652540015c4a0', 'a99c0c3df39a11e8a21652540015c4a0', '42314F0D3C71608A', '2', '01', null, '2018-11-30 15:19:45', null);
INSERT INTO `alarm` VALUES ('5097a145f79d11e8a21652540015c4a0', 'a99c0c3df39a11e8a21652540015c4a0', '42314F0D3C71608A', '5', '04', null, '2018-12-04 16:19:27', null);
INSERT INTO `alarm` VALUES ('531292a0f3a111e8a21652540015c4a0', '2091d5aaf39b11e8a21652540015c4a0', '42314B0D3C71608A', '4', '01', null, '2018-11-29 14:38:04', null);
INSERT INTO `alarm` VALUES ('53683a37f43d11e8a21652540015c4a0', 'a99c0c3df39a11e8a21652540015c4a0', '42314F0D3C71608A', '4', '01', null, '2018-11-30 09:14:46', null);
INSERT INTO `alarm` VALUES ('557de189f53c11e8a21652540015c4a0', 'a99c0c3df39a11e8a21652540015c4a0', '42314F0D3C71608A', '4', '01', null, '2018-12-01 15:40:12', null);
INSERT INTO `alarm` VALUES ('58307a5df46411e8a21652540015c4a0', '2091d5aaf39b11e8a21652540015c4a0', '42314B0D3C71608A', '4', '01', null, '2018-11-30 13:54:05', null);
INSERT INTO `alarm` VALUES ('58604893f78811e8a21652540015c4a0', 'a99c0c3df39a11e8a21652540015c4a0', '42314F0D3C71608A', '4', '02', null, '2018-12-04 13:49:21', null);
INSERT INTO `alarm` VALUES ('587e2929f78811e8a21652540015c4a0', 'a99c0c3df39a11e8a21652540015c4a0', '42314F0D3C71608A', '5', '04', null, '2018-12-04 13:49:21', null);
INSERT INTO `alarm` VALUES ('58e7a21bf6d811e8a21652540015c4a0', 'a99c0c3df39a11e8a21652540015c4a0', '42314F0D3C71608A', '4', '01', null, '2018-12-03 16:49:30', null);
INSERT INTO `alarm` VALUES ('5916626df47f11e8a21652540015c4a0', '2091d5aaf39b11e8a21652540015c4a0', '42314B0D3C71608A', '4', '01', null, '2018-11-30 17:07:23', null);
INSERT INTO `alarm` VALUES ('5ab6b72ff78811e8a21652540015c4a0', 'a99c0c3df39a11e8a21652540015c4a0', '42314F0D3C71608A', '5', '01', null, '2018-12-04 13:49:24', null);
INSERT INTO `alarm` VALUES ('5bbb55b4f78811e8a21652540015c4a0', 'a99c0c3df39a11e8a21652540015c4a0', '42314F0D3C71608A', '5', '04', null, '2018-12-04 13:49:26', null);
INSERT INTO `alarm` VALUES ('5c0e7f57f53a11e8a21652540015c4a0', 'a99c0c3df39a11e8a21652540015c4a0', '42314F0D3C71608A', '4', '01', null, '2018-12-01 15:26:04', null);
INSERT INTO `alarm` VALUES ('5dbf4ed5f78d11e8a21652540015c4a0', 'a99c0c3df39a11e8a21652540015c4a0', '42314F0D3C71608A', '4', '01', null, '2018-12-04 14:25:17', null);
INSERT INTO `alarm` VALUES ('5deb7ad1f78811e8a21652540015c4a0', 'a99c0c3df39a11e8a21652540015c4a0', '42314F0D3C71608A', '5', '01', null, '2018-12-04 13:49:30', null);
INSERT INTO `alarm` VALUES ('5df9ea00f47f11e8a21652540015c4a0', 'a99c0c3df39a11e8a21652540015c4a0', '42314F0D3C71608A', '4', '01', null, '2018-11-30 17:07:31', null);
INSERT INTO `alarm` VALUES ('5ecf1171f78811e8a21652540015c4a0', 'a99c0c3df39a11e8a21652540015c4a0', '42314F0D3C71608A', '5', '04', null, '2018-12-04 13:49:31', null);
INSERT INTO `alarm` VALUES ('5f1f379ff7a111e8a21652540015c4a0', 'a99c0c3df39a11e8a21652540015c4a0', '42314F0D3C71608A', '4', '01', null, '2018-12-04 16:48:29', null);
INSERT INTO `alarm` VALUES ('60d33f79f47111e8a21652540015c4a0', '2091d5aaf39b11e8a21652540015c4a0', '42314B0D3C71608A', '2', '01', null, '2018-11-30 15:27:23', null);
INSERT INTO `alarm` VALUES ('61dc7d5cf6a611e8a21652540015c4a0', '2091d5aaf39b11e8a21652540015c4a0', '42314B0D3C71608A', '4', '01', null, '2018-12-03 10:51:50', null);
INSERT INTO `alarm` VALUES ('6302484df46f11e8a21652540015c4a0', 'a99c0c3df39a11e8a21652540015c4a0', '42314F0D3C71608A', '4', '01', null, '2018-11-30 15:13:07', null);
INSERT INTO `alarm` VALUES ('631e7db7f47a11e8a21652540015c4a0', '2091d5aaf39b11e8a21652540015c4a0', '42314B0D3C71608A', '4', '01', null, '2018-11-30 16:31:52', null);
INSERT INTO `alarm` VALUES ('6415b484f46a11e8a21652540015c4a0', '2091d5aaf39b11e8a21652540015c4a0', '42314B0D3C71608A', '4', '01', null, '2018-11-30 14:37:22', null);
INSERT INTO `alarm` VALUES ('65356c2cf77811e8a21652540015c4a0', '2091d5aaf39b11e8a21652540015c4a0', '42314B0D3C71608A', '4', '01', null, '2018-12-04 11:55:10', null);
INSERT INTO `alarm` VALUES ('65757646f53c11e8a21652540015c4a0', 'a99c0c3df39a11e8a21652540015c4a0', '42314F0D3C71608A', '4', '01', null, '2018-12-01 15:40:38', null);
INSERT INTO `alarm` VALUES ('66b62ac7f7a211e8a21652540015c4a0', 'a99c0c3df39a11e8a21652540015c4a0', '42314F0D3C71608A', '4', '01', null, '2018-12-04 16:55:51', null);
INSERT INTO `alarm` VALUES ('67987f07f79d11e8a21652540015c4a0', 'a99c0c3df39a11e8a21652540015c4a0', '42314F0D3C71608A', '5', '02', null, '2018-12-04 16:20:05', null);
INSERT INTO `alarm` VALUES ('68558d22f79a11e8a21652540015c4a0', 'a99c0c3df39a11e8a21652540015c4a0', '42314F0D3C71608A', '4', '01', null, '2018-12-04 15:58:38', null);
INSERT INTO `alarm` VALUES ('68c9ff16f79d11e8a21652540015c4a0', 'a99c0c3df39a11e8a21652540015c4a0', '42314F0D3C71608A', '5', '02', null, '2018-12-04 16:20:07', null);
INSERT INTO `alarm` VALUES ('6a2bf10df78d11e8a21652540015c4a0', '2091d5aaf39b11e8a21652540015c4a0', '42314B0D3C71608A', '1', '01', null, '2018-12-04 14:25:38', null);
INSERT INTO `alarm` VALUES ('6bc06bc6f78d11e8a21652540015c4a0', 'a99c0c3df39a11e8a21652540015c4a0', '42314F0D3C71608A', '4', '01', null, '2018-12-04 14:25:41', null);
INSERT INTO `alarm` VALUES ('6cf16a16f78d11e8a21652540015c4a0', '2091d5aaf39b11e8a21652540015c4a0', '42314B0D3C71608A', '1', '01', null, '2018-12-04 14:25:43', null);
INSERT INTO `alarm` VALUES ('6d9ddef3f78d11e8a21652540015c4a0', '2091d5aaf39b11e8a21652540015c4a0', '42314B0D3C71608A', '1', '01', null, '2018-12-04 14:25:44', null);
INSERT INTO `alarm` VALUES ('6e73babbf44d11e8a21652540015c4a0', 'a99c0c3df39a11e8a21652540015c4a0', '42314F0D3C71608A', '4', '01', null, '2018-11-30 11:10:04', null);
INSERT INTO `alarm` VALUES ('72c6367df46a11e8a21652540015c4a0', 'a99c0c3df39a11e8a21652540015c4a0', '42314F0D3C71608A', '4', '01', null, '2018-11-30 14:37:46', null);
INSERT INTO `alarm` VALUES ('745fa91af77811e8a21652540015c4a0', '2091d5aaf39b11e8a21652540015c4a0', '42314B0D3C71608A', '4', '01', null, '2018-12-04 11:55:36', null);
INSERT INTO `alarm` VALUES ('7602a195f78d11e8a21652540015c4a0', '2091d5aaf39b11e8a21652540015c4a0', '42314B0D3C71608A', '6', '01', null, '2018-12-04 14:25:58', null);
INSERT INTO `alarm` VALUES ('770a599ef78b11e8a21652540015c4a0', 'a99c0c3df39a11e8a21652540015c4a0', '42314F0D3C71608A', '4', '01', null, '2018-12-04 14:11:40', null);
INSERT INTO `alarm` VALUES ('779c8631f6a511e8a21652540015c4a0', 'a99c0c3df39a11e8a21652540015c4a0', '42314F0D3C71608A', '4', '01', null, '2018-12-03 10:45:17', null);
INSERT INTO `alarm` VALUES ('779d738af3c711e8a21652540015c4a0', 'a99c0c3df39a11e8a21652540015c4a0', '42314F0D3C71608A', '4', '01', null, '2018-11-29 19:11:07', null);
INSERT INTO `alarm` VALUES ('7bba93f2f79a11e8a21652540015c4a0', 'a99c0c3df39a11e8a21652540015c4a0', '42314F0D3C71608A', '4', '01', null, '2018-12-04 15:59:11', null);
INSERT INTO `alarm` VALUES ('7c8b7cf1f47711e8a21652540015c4a0', '2091d5aaf39b11e8a21652540015c4a0', '42314B0D3C71608A', '4', '01', null, '2018-11-30 16:11:06', null);
INSERT INTO `alarm` VALUES ('7d8bcbc2f46b11e8a21652540015c4a0', '2091d5aaf39b11e8a21652540015c4a0', '42314B0D3C71608A', '4', '01', null, '2018-11-30 14:45:14', null);
INSERT INTO `alarm` VALUES ('7de94f75f46411e8a21652540015c4a0', 'a99c0c3df39a11e8a21652540015c4a0', '42314F0D3C71608A', '4', '01', null, '2018-11-30 13:55:08', null);
INSERT INTO `alarm` VALUES ('7e623966f6a511e8a21652540015c4a0', 'a99c0c3df39a11e8a21652540015c4a0', '42314F0D3C71608A', '4', '01', null, '2018-12-03 10:45:29', null);
INSERT INTO `alarm` VALUES ('80613f0df47f11e8a21652540015c4a0', '2091d5aaf39b11e8a21652540015c4a0', '42314B0D3C71608A', '4', '01', null, '2018-11-30 17:08:29', null);
INSERT INTO `alarm` VALUES ('81840ac3f78d11e8a21652540015c4a0', 'a99c0c3df39a11e8a21652540015c4a0', '42314F0D3C71608A', '4', '01', null, '2018-12-04 14:26:17', null);
INSERT INTO `alarm` VALUES ('82d93ab8f46311e8a21652540015c4a0', '2091d5aaf39b11e8a21652540015c4a0', '42314B0D3C71608A', '4', '01', null, '2018-11-30 13:48:07', null);
INSERT INTO `alarm` VALUES ('87fecc46f46911e8a21652540015c4a0', '2091d5aaf39b11e8a21652540015c4a0', '42314B0D3C71608A', '4', '01', null, '2018-11-30 14:31:13', null);
INSERT INTO `alarm` VALUES ('8b57dedaf78c11e8a21652540015c4a0', 'a99c0c3df39a11e8a21652540015c4a0', '42314F0D3C71608A', '4', '01', null, '2018-12-04 14:19:24', null);
INSERT INTO `alarm` VALUES ('8d6c817ff47f11e8a21652540015c4a0', 'a99c0c3df39a11e8a21652540015c4a0', '42314F0D3C71608A', '4', '01', null, '2018-11-30 17:08:51', null);
INSERT INTO `alarm` VALUES ('9015bf61f3c511e8a21652540015c4a0', 'a99c0c3df39a11e8a21652540015c4a0', '42314F0D3C71608A', '4', '01', null, '2018-11-29 18:57:29', null);
INSERT INTO `alarm` VALUES ('928f4a41f78911e8a21652540015c4a0', 'a99c0c3df39a11e8a21652540015c4a0', '42314F0D3C71608A', '4', '02', null, '2018-12-04 13:58:08', null);
INSERT INTO `alarm` VALUES ('92f850a7f3c111e8a21652540015c4a0', 'a99c0c3df39a11e8a21652540015c4a0', '42314F0D3C71608A', '4', '01', null, '2018-11-29 18:28:55', null);
INSERT INTO `alarm` VALUES ('93506e56f46311e8a21652540015c4a0', '2091d5aaf39b11e8a21652540015c4a0', '42314B0D3C71608A', '4', '01', null, '2018-11-30 13:48:35', null);
INSERT INTO `alarm` VALUES ('943f2cb1f79e11e8a21652540015c4a0', 'a99c0c3df39a11e8a21652540015c4a0', '42314F0D3C71608A', '4', '01', null, '2018-12-04 16:28:30', null);
INSERT INTO `alarm` VALUES ('94afc352f78811e8a21652540015c4a0', '2091d5aaf39b11e8a21652540015c4a0', '42314B0D3C71608A', '4', '01', null, '2018-12-04 13:51:02', null);
INSERT INTO `alarm` VALUES ('94b073a6f78811e8a21652540015c4a0', 'a99c0c3df39a11e8a21652540015c4a0', '42314F0D3C71608A', '4', '02', null, '2018-12-04 13:51:02', null);
INSERT INTO `alarm` VALUES ('97aa7659f79d11e8a21652540015c4a0', 'a99c0c3df39a11e8a21652540015c4a0', '42314F0D3C71608A', '5', '02', null, '2018-12-04 16:21:26', null);
INSERT INTO `alarm` VALUES ('988b8f8cf79d11e8a21652540015c4a0', 'a99c0c3df39a11e8a21652540015c4a0', '42314F0D3C71608A', '5', '02', null, '2018-12-04 16:21:28', null);
INSERT INTO `alarm` VALUES ('992e29f4f3c311e8a21652540015c4a0', '2091d5aaf39b11e8a21652540015c4a0', '42314B0D3C71608A', '4', '01', null, '2018-11-29 18:43:25', null);
INSERT INTO `alarm` VALUES ('997c1f3cf79d11e8a21652540015c4a0', 'a99c0c3df39a11e8a21652540015c4a0', '42314F0D3C71608A', '5', '02', null, '2018-12-04 16:21:29', null);
INSERT INTO `alarm` VALUES ('9a22aee9f47511e8a21652540015c4a0', '2091d5aaf39b11e8a21652540015c4a0', '42314B0D3C71608A', '4', '01', null, '2018-11-30 15:57:37', null);
INSERT INTO `alarm` VALUES ('9a432ea7f79d11e8a21652540015c4a0', 'a99c0c3df39a11e8a21652540015c4a0', '42314F0D3C71608A', '5', '02', null, '2018-12-04 16:21:30', null);
INSERT INTO `alarm` VALUES ('9aaf6f71f46a11e8a21652540015c4a0', 'a99c0c3df39a11e8a21652540015c4a0', '42314F0D3C71608A', '4', '01', null, '2018-11-30 14:38:53', null);
INSERT INTO `alarm` VALUES ('9b77559ef46e11e8a21652540015c4a0', '2091d5aaf39b11e8a21652540015c4a0', '42314B0D3C71608A', '4', '01', null, '2018-11-30 15:07:33', null);
INSERT INTO `alarm` VALUES ('9c75513ef78d11e8a21652540015c4a0', '2091d5aaf39b11e8a21652540015c4a0', '42314B0D3C71608A', '1', '01', null, '2018-12-04 14:27:02', null);
INSERT INTO `alarm` VALUES ('9c7903bcf79d11e8a21652540015c4a0', 'a99c0c3df39a11e8a21652540015c4a0', '42314F0D3C71608A', '5', '01', null, '2018-12-04 16:21:34', null);
INSERT INTO `alarm` VALUES ('9f36e6c2f47a11e8a21652540015c4a0', '2091d5aaf39b11e8a21652540015c4a0', '42314B0D3C71608A', '2', '01', null, '2018-11-30 16:33:33', null);
INSERT INTO `alarm` VALUES ('a07c1737f47011e8a21652540015c4a0', 'a99c0c3df39a11e8a21652540015c4a0', '42314F0D3C71608A', '2', '01', null, '2018-11-30 15:22:00', null);
INSERT INTO `alarm` VALUES ('a0de84d9f78d11e8a21652540015c4a0', 'a99c0c3df39a11e8a21652540015c4a0', '42314F0D3C71608A', '4', '01', null, '2018-12-04 14:27:10', null);
INSERT INTO `alarm` VALUES ('a141e3e5f46e11e8a21652540015c4a0', '2091d5aaf39b11e8a21652540015c4a0', '42314B0D3C71608A', '4', '01', null, '2018-11-30 15:07:42', null);
INSERT INTO `alarm` VALUES ('a2a3243ef3c811e8a21652540015c4a0', 'a99c0c3df39a11e8a21652540015c4a0', '42314F0D3C71608A', '4', '01', null, '2018-11-29 19:19:28', null);
INSERT INTO `alarm` VALUES ('a2e0e801f79e11e8a21652540015c4a0', 'a99c0c3df39a11e8a21652540015c4a0', '42314F0D3C71608A', '4', '01', null, '2018-12-04 16:28:54', null);
INSERT INTO `alarm` VALUES ('a5ce2a80f78611e8a21652540015c4a0', 'a99c0c3df39a11e8a21652540015c4a0', '42314F0D3C71608A', '4', '01', null, '2018-12-04 13:37:11', null);
INSERT INTO `alarm` VALUES ('a6ea7dacf47f11e8a21652540015c4a0', 'a99c0c3df39a11e8a21652540015c4a0', '42314F0D3C71608A', '4', '01', null, '2018-11-30 17:09:33', null);
INSERT INTO `alarm` VALUES ('a75f2075f46f11e8a21652540015c4a0', '2091d5aaf39b11e8a21652540015c4a0', '42314B0D3C71608A', '4', '01', null, '2018-11-30 15:15:02', null);
INSERT INTO `alarm` VALUES ('a7f5087df47e11e8a21652540015c4a0', '2091d5aaf39b11e8a21652540015c4a0', '42314B0D3C71608A', '4', '01', null, '2018-11-30 17:02:26', null);
INSERT INTO `alarm` VALUES ('a8993233f47511e8a21652540015c4a0', '2091d5aaf39b11e8a21652540015c4a0', '42314B0D3C71608A', '4', '02', null, '2018-11-30 15:58:01', null);
INSERT INTO `alarm` VALUES ('a89adb8ef79e11e8a21652540015c4a0', 'a99c0c3df39a11e8a21652540015c4a0', '42314F0D3C71608A', '4', '01', null, '2018-12-04 16:29:04', null);
INSERT INTO `alarm` VALUES ('a8a80e7cf47511e8a21652540015c4a0', 'a99c0c3df39a11e8a21652540015c4a0', '42314F0D3C71608A', '4', '01', null, '2018-11-30 15:58:01', null);
INSERT INTO `alarm` VALUES ('b5851beff47f11e8a21652540015c4a0', 'a99c0c3df39a11e8a21652540015c4a0', '42314F0D3C71608A', '4', '01', null, '2018-11-30 17:09:58', null);
INSERT INTO `alarm` VALUES ('b7e67ad0f47911e8a21652540015c4a0', '2091d5aaf39b11e8a21652540015c4a0', '42314B0D3C71608A', '2', '01', null, '2018-11-30 16:27:05', null);
INSERT INTO `alarm` VALUES ('b81596e2f46b11e8a21652540015c4a0', 'a99c0c3df39a11e8a21652540015c4a0', '42314F0D3C71608A', '4', '01', null, '2018-11-30 14:46:52', null);
INSERT INTO `alarm` VALUES ('b9534737f46311e8a21652540015c4a0', '2091d5aaf39b11e8a21652540015c4a0', '42314B0D3C71608A', '4', '01', null, '2018-11-30 13:49:38', null);
INSERT INTO `alarm` VALUES ('b9beeb9ef3c311e8a21652540015c4a0', 'a99c0c3df39a11e8a21652540015c4a0', '42314F0D3C71608A', '4', '01', null, '2018-11-29 18:44:20', null);
INSERT INTO `alarm` VALUES ('bac88480f47111e8a21652540015c4a0', 'a99c0c3df39a11e8a21652540015c4a0', '42314F0D3C71608A', '2', '01', null, '2018-11-30 15:29:54', null);
INSERT INTO `alarm` VALUES ('bc72d912f3c211e8a21652540015c4a0', '2091d5aaf39b11e8a21652540015c4a0', '42314B0D3C71608A', '4', '01', null, '2018-11-29 18:37:15', null);
INSERT INTO `alarm` VALUES ('be4d5498f47011e8a21652540015c4a0', '2091d5aaf39b11e8a21652540015c4a0', '42314B0D3C71608A', '2', '01', null, '2018-11-30 15:22:50', null);
INSERT INTO `alarm` VALUES ('be825eccf78d11e8a21652540015c4a0', 'a99c0c3df39a11e8a21652540015c4a0', '42314F0D3C71608A', '4', '01', null, '2018-12-04 14:27:59', null);
INSERT INTO `alarm` VALUES ('bf515544f47711e8a21652540015c4a0', '2091d5aaf39b11e8a21652540015c4a0', '42314B0D3C71608A', '2', '01', null, '2018-11-30 16:12:58', null);
INSERT INTO `alarm` VALUES ('c04e582cf78911e8a21652540015c4a0', 'a99c0c3df39a11e8a21652540015c4a0', '42314F0D3C71608A', '4', '02', null, '2018-12-04 13:59:24', null);
INSERT INTO `alarm` VALUES ('c0de97e2f3c211e8a21652540015c4a0', 'a99c0c3df39a11e8a21652540015c4a0', '42314F0D3C71608A', '4', '01', null, '2018-11-29 18:37:22', null);
INSERT INTO `alarm` VALUES ('c225010af46b11e8a21652540015c4a0', 'a99c0c3df39a11e8a21652540015c4a0', '42314F0D3C71608A', '4', '01', null, '2018-11-30 14:47:09', null);
INSERT INTO `alarm` VALUES ('c289b27cf46b11e8a21652540015c4a0', 'a99c0c3df39a11e8a21652540015c4a0', '42314F0D3C71608A', '4', '01', null, '2018-11-30 14:47:10', null);
INSERT INTO `alarm` VALUES ('c2cc4e91f78b11e8a21652540015c4a0', 'a99c0c3df39a11e8a21652540015c4a0', '42314F0D3C71608A', '4', '01', null, '2018-12-04 14:13:48', null);
INSERT INTO `alarm` VALUES ('c2f8f85cf48511e8a21652540015c4a0', '2091d5aaf39b11e8a21652540015c4a0', '42314B0D3C71608A', '4', '02', null, '2018-11-30 17:53:17', null);
INSERT INTO `alarm` VALUES ('c415856ff48511e8a21652540015c4a0', '2091d5aaf39b11e8a21652540015c4a0', '42314B0D3C71608A', '4', '02', null, '2018-11-30 17:53:19', null);
INSERT INTO `alarm` VALUES ('c5ccdcc1f48511e8a21652540015c4a0', '2091d5aaf39b11e8a21652540015c4a0', '42314B0D3C71608A', '4', '02', null, '2018-11-30 17:53:22', null);
INSERT INTO `alarm` VALUES ('c692e154f46b11e8a21652540015c4a0', 'a99c0c3df39a11e8a21652540015c4a0', '42314F0D3C71608A', '4', '01', null, '2018-11-30 14:47:16', null);
INSERT INTO `alarm` VALUES ('c6c769abf47f11e8a21652540015c4a0', 'a99c0c3df39a11e8a21652540015c4a0', '42314F0D3C71608A', '4', '01', null, '2018-11-30 17:10:27', null);
INSERT INTO `alarm` VALUES ('c74befc3f48511e8a21652540015c4a0', '2091d5aaf39b11e8a21652540015c4a0', '42314B0D3C71608A', '4', '02', null, '2018-11-30 17:53:25', null);
INSERT INTO `alarm` VALUES ('ca736cadf46a11e8a21652540015c4a0', 'a99c0c3df39a11e8a21652540015c4a0', '42314F0D3C71608A', '4', '01', null, '2018-11-30 14:40:14', null);
INSERT INTO `alarm` VALUES ('cb93e9e9f46511e8a21652540015c4a0', '2091d5aaf39b11e8a21652540015c4a0', '42314B0D3C71608A', '4', '01', null, '2018-11-30 14:04:28', null);
INSERT INTO `alarm` VALUES ('cc340d91f46311e8a21652540015c4a0', 'a99c0c3df39a11e8a21652540015c4a0', '42314F0D3C71608A', '4', '02', null, '2018-11-30 13:50:10', null);
INSERT INTO `alarm` VALUES ('ccdec094f46311e8a21652540015c4a0', 'a99c0c3df39a11e8a21652540015c4a0', '42314F0D3C71608A', '4', '02', null, '2018-11-30 13:50:11', null);
INSERT INTO `alarm` VALUES ('d150fb5bf78b11e8a21652540015c4a0', 'a99c0c3df39a11e8a21652540015c4a0', '42314F0D3C71608A', '4', '01', null, '2018-12-04 14:14:12', null);
INSERT INTO `alarm` VALUES ('d3ea3a6bf48211e8a21652540015c4a0', 'a99c0c3df39a11e8a21652540015c4a0', '42314F0D3C71608A', '4', '01', null, '2018-11-30 17:32:17', null);
INSERT INTO `alarm` VALUES ('d70e8347f3c311e8a21652540015c4a0', 'a99c0c3df39a11e8a21652540015c4a0', '42314F0D3C71608A', '4', '01', null, '2018-11-29 18:45:09', null);
INSERT INTO `alarm` VALUES ('d9434e48f78d11e8a21652540015c4a0', 'a99c0c3df39a11e8a21652540015c4a0', '42314F0D3C71608A', '4', '01', null, '2018-12-04 14:28:44', null);
INSERT INTO `alarm` VALUES ('d94ff34af47e11e8a21652540015c4a0', '2091d5aaf39b11e8a21652540015c4a0', '42314B0D3C71608A', '4', '01', null, '2018-11-30 17:03:48', null);
INSERT INTO `alarm` VALUES ('d96bb40ef47911e8a21652540015c4a0', '2091d5aaf39b11e8a21652540015c4a0', '42314B0D3C71608A', '4', '01', null, '2018-11-30 16:28:01', null);
INSERT INTO `alarm` VALUES ('db26cb88f78b11e8a21652540015c4a0', 'a99c0c3df39a11e8a21652540015c4a0', '42314F0D3C71608A', '4', '01', null, '2018-12-04 14:14:28', null);
INSERT INTO `alarm` VALUES ('db51e014f46811e8a21652540015c4a0', '2091d5aaf39b11e8a21652540015c4a0', '42314B0D3C71608A', '4', '01', null, '2018-11-30 14:26:23', null);
INSERT INTO `alarm` VALUES ('dcc7c353f47511e8a21652540015c4a0', 'a99c0c3df39a11e8a21652540015c4a0', '42314F0D3C71608A', '4', '01', null, '2018-11-30 15:59:29', null);
INSERT INTO `alarm` VALUES ('dddd97b8f3c211e8a21652540015c4a0', '2091d5aaf39b11e8a21652540015c4a0', '42314B0D3C71608A', '4', '01', null, '2018-11-29 18:38:11', null);
INSERT INTO `alarm` VALUES ('de2beb5ef53a11e8a21652540015c4a0', 'a99c0c3df39a11e8a21652540015c4a0', '42314F0D3C71608A', '4', '01', null, '2018-12-01 15:29:42', null);
INSERT INTO `alarm` VALUES ('e1364902f47e11e8a21652540015c4a0', '2091d5aaf39b11e8a21652540015c4a0', '42314B0D3C71608A', '4', '01', null, '2018-11-30 17:04:02', null);
INSERT INTO `alarm` VALUES ('e1567c93f47911e8a21652540015c4a0', '2091d5aaf39b11e8a21652540015c4a0', '42314B0D3C71608A', '4', '01', null, '2018-11-30 16:28:14', null);
INSERT INTO `alarm` VALUES ('e3aaef5af76711e8a21652540015c4a0', 'a99c0c3df39a11e8a21652540015c4a0', '42314F0D3C71608A', '4', '01', null, '2018-12-04 09:57:01', null);
INSERT INTO `alarm` VALUES ('e405ea63f46311e8a21652540015c4a0', '2091d5aaf39b11e8a21652540015c4a0', '42314B0D3C71608A', '4', '01', null, '2018-11-30 13:50:50', null);
INSERT INTO `alarm` VALUES ('e770e77cf3c311e8a21652540015c4a0', 'a99c0c3df39a11e8a21652540015c4a0', '42314F0D3C71608A', '4', '01', null, '2018-11-29 18:45:36', null);
INSERT INTO `alarm` VALUES ('e845b829f46f11e8a21652540015c4a0', '2091d5aaf39b11e8a21652540015c4a0', '42314B0D3C71608A', '4', '01', null, '2018-11-30 15:16:51', null);
INSERT INTO `alarm` VALUES ('eaee7e1df78b11e8a21652540015c4a0', 'a99c0c3df39a11e8a21652540015c4a0', '42314F0D3C71608A', '4', '02', null, '2018-12-04 14:14:55', null);
INSERT INTO `alarm` VALUES ('ec57ff6df79d11e8a21652540015c4a0', 'a99c0c3df39a11e8a21652540015c4a0', '42314F0D3C71608A', '5', '01', null, '2018-12-04 16:23:48', null);
INSERT INTO `alarm` VALUES ('ece546d1f78d11e8a21652540015c4a0', 'a99c0c3df39a11e8a21652540015c4a0', '42314F0D3C71608A', '4', '01', null, '2018-12-04 14:29:17', null);
INSERT INTO `alarm` VALUES ('ed611524f47511e8a21652540015c4a0', '2091d5aaf39b11e8a21652540015c4a0', '42314B0D3C71608A', '2', '01', null, '2018-11-30 15:59:57', null);
INSERT INTO `alarm` VALUES ('ed7f1f0df78b11e8a21652540015c4a0', 'a99c0c3df39a11e8a21652540015c4a0', '42314F0D3C71608A', '4', '02', null, '2018-12-04 14:14:59', null);
INSERT INTO `alarm` VALUES ('edbdfec5f76e11e8a21652540015c4a0', 'a99c0c3df39a11e8a21652540015c4a0', '42314F0D3C71608A', '4', '01', null, '2018-12-04 10:47:24', null);
INSERT INTO `alarm` VALUES ('edd18f12f53b11e8a21652540015c4a0', 'a99c0c3df39a11e8a21652540015c4a0', '42314F0D3C71608A', '4', '01', null, '2018-12-01 15:37:18', null);
INSERT INTO `alarm` VALUES ('ee0672a2f46311e8a21652540015c4a0', '2091d5aaf39b11e8a21652540015c4a0', '42314B0D3C71608A', '4', '01', null, '2018-11-30 13:51:07', null);
INSERT INTO `alarm` VALUES ('eea3938ff47f11e8a21652540015c4a0', 'a99c0c3df39a11e8a21652540015c4a0', '42314F0D3C71608A', '4', '01', null, '2018-11-30 17:11:34', null);
INSERT INTO `alarm` VALUES ('f0c371fff78b11e8a21652540015c4a0', 'a99c0c3df39a11e8a21652540015c4a0', '42314F0D3C71608A', '4', '02', null, '2018-12-04 14:15:05', null);
INSERT INTO `alarm` VALUES ('f15d942ef46a11e8a21652540015c4a0', 'a99c0c3df39a11e8a21652540015c4a0', '42314F0D3C71608A', '4', '01', null, '2018-11-30 14:41:19', null);
INSERT INTO `alarm` VALUES ('f38b97dbf3c311e8a21652540015c4a0', 'a99c0c3df39a11e8a21652540015c4a0', '42314F0D3C71608A', '4', '01', null, '2018-11-29 18:45:56', null);
INSERT INTO `alarm` VALUES ('f3c72828f3c211e8a21652540015c4a0', 'a99c0c3df39a11e8a21652540015c4a0', '42314F0D3C71608A', '4', '01', null, '2018-11-29 18:38:47', null);
INSERT INTO `alarm` VALUES ('f73e88a4f47e11e8a21652540015c4a0', '2091d5aaf39b11e8a21652540015c4a0', '42314B0D3C71608A', '4', '01', null, '2018-11-30 17:04:39', null);
INSERT INTO `alarm` VALUES ('f7ef327bf47f11e8a21652540015c4a0', 'a99c0c3df39a11e8a21652540015c4a0', '42314F0D3C71608A', '4', '01', null, '2018-11-30 17:11:49', null);
INSERT INTO `alarm` VALUES ('f80e8e7ef47a11e8a21652540015c4a0', '2091d5aaf39b11e8a21652540015c4a0', '42314B0D3C71608A', '4', '01', null, '2018-11-30 16:36:02', null);
INSERT INTO `alarm` VALUES ('fbf61dd6f3c311e8a21652540015c4a0', 'a99c0c3df39a11e8a21652540015c4a0', '42314F0D3C71608A', '4', '01', null, '2018-11-29 18:46:11', null);
INSERT INTO `alarm` VALUES ('fbffee10f47811e8a21652540015c4a0', '2091d5aaf39b11e8a21652540015c4a0', '42314B0D3C71608A', '2', '01', null, '2018-11-30 16:21:50', null);
INSERT INTO `alarm` VALUES ('fe0324dff46a11e8a21652540015c4a0', 'a99c0c3df39a11e8a21652540015c4a0', '42314F0D3C71608A', '4', '01', null, '2018-11-30 14:41:40', null);

-- ----------------------------
-- Table structure for device
-- ----------------------------
DROP TABLE IF EXISTS `device`;
CREATE TABLE `device` (
  `id` varchar(32) NOT NULL COMMENT '主键',
  `dev_type` varchar(32) DEFAULT NULL COMMENT '设备型号',
  `name` varchar(32) DEFAULT NULL COMMENT '设备名',
  `version` varchar(32) DEFAULT NULL COMMENT '版本号',
  `state` varchar(2) DEFAULT NULL COMMENT '设备的当前状态, “1”: 布防;  “2”: 撤防;  “3”: 在家布防;  “4”: SOS报警',
  `switch_state` varchar(2) DEFAULT NULL COMMENT '设备内置发码器开关,“0”: 关闭    “1”: 打开',
  `mac` varchar(128) DEFAULT NULL COMMENT 'mac地址',
  `host_id` varchar(32) DEFAULT NULL COMMENT '本机ip地址',
  `server_ip` varchar(32) DEFAULT NULL COMMENT '服务器ip',
  `server_port` int(10) DEFAULT NULL COMMENT '服务器端口',
  `is_online` varchar(2) DEFAULT '0' COMMENT '是否在线，0：离线，1：在线',
  `create_time` datetime DEFAULT NULL COMMENT '创建时间',
  `update_time` datetime DEFAULT NULL COMMENT '更新时间',
  PRIMARY KEY (`id`),
  UNIQUE KEY `smart_home_device_dev_type` (`dev_type`) COMMENT '设备型号做索引，并且为唯一值'
) ENGINE=InnoDB DEFAULT CHARSET=utf8 COMMENT='设备表';

-- ----------------------------
-- Records of device
-- ----------------------------
INSERT INTO `device` VALUES ('2091d5aaf39b11e8a21652540015c4a0', '42314B0D3C71608A', null, null, '1', null, 'F0FE6BA99215', '172.16.0.129', '219.159.73.6', '8585', '1', '2018-11-29 13:53:43', '2018-12-04 18:06:29');
INSERT INTO `device` VALUES ('a99c0c3df39a11e8a21652540015c4a0', '42314F0D3C71608A', null, null, '2', null, 'F0FE6BA9AB4C', '172.16.0.184', '219.159.73.6', '8585', '1', '2018-11-29 13:50:23', '2018-12-04 17:00:52');

-- ----------------------------
-- Table structure for device_remote
-- ----------------------------
DROP TABLE IF EXISTS `device_remote`;
CREATE TABLE `device_remote` (
  `id` varchar(32) NOT NULL COMMENT '主键',
  `dev_id` varchar(32) DEFAULT NULL COMMENT '设备id',
  `dev_type` varchar(32) DEFAULT NULL COMMENT '设备型号',
  `number` varchar(60) DEFAULT NULL COMMENT '遥控器编号',
  `name` varchar(60) DEFAULT NULL COMMENT '遥控器名',
  `create_time` datetime DEFAULT NULL,
  `update_time` datetime DEFAULT NULL,
  PRIMARY KEY (`id`)
) ENGINE=InnoDB DEFAULT CHARSET=utf8 COMMENT='设备-遥控器表';

-- ----------------------------
-- Records of device_remote
-- ----------------------------
INSERT INTO `device_remote` VALUES ('0718347cf79b11e8a21652540015c4a0', 'a99c0c3df39a11e8a21652540015c4a0', '42314F0D3C71608A', '02', null, '2018-12-04 16:03:05', null);
INSERT INTO `device_remote` VALUES ('3193ef4cf78c11e8a21652540015c4a0', '2091d5aaf39b11e8a21652540015c4a0', '42314B0D3C71608A', '01', null, '2018-12-04 14:16:53', null);
INSERT INTO `device_remote` VALUES ('6636b34af79a11e8a21652540015c4a0', 'a99c0c3df39a11e8a21652540015c4a0', '42314F0D3C71608A', '01', null, '2018-12-04 15:58:35', null);

-- ----------------------------
-- Table structure for device_sensor
-- ----------------------------
DROP TABLE IF EXISTS `device_sensor`;
CREATE TABLE `device_sensor` (
  `id` varchar(32) NOT NULL,
  `dev_type` varchar(60) DEFAULT NULL COMMENT '设备型号',
  `zone_id` varchar(32) DEFAULT NULL COMMENT '防区id',
  `zone_number` varchar(60) DEFAULT NULL COMMENT '防区编号',
  `number` varchar(60) DEFAULT NULL COMMENT '配件编号',
  `name` varchar(100) DEFAULT NULL COMMENT '配件名称',
  `create_time` datetime DEFAULT NULL,
  `update_time` datetime DEFAULT NULL,
  PRIMARY KEY (`id`)
) ENGINE=InnoDB DEFAULT CHARSET=utf8 COMMENT='设备配件表';

-- ----------------------------
-- Records of device_sensor
-- ----------------------------
INSERT INTO `device_sensor` VALUES ('63c18966f78d11e8a21652540015c4a0', '42314B0D3C71608A', '2d3bd2e4f3a111e8a21652540015c4a0', '10', '01', null, '2018-12-04 14:25:27', null);
INSERT INTO `device_sensor` VALUES ('b44de582f79a11e8a21652540015c4a0', '42314F0D3C71608A', '19e77e94f3a211e8a21652540015c4a0', '10', '02', null, '2018-12-04 16:00:46', null);
INSERT INTO `device_sensor` VALUES ('cf7ecce1f79d11e8a21652540015c4a0', '42314F0D3C71608A', '19e77e94f3a211e8a21652540015c4a0', '10', '05', null, '2018-12-04 16:23:00', null);
INSERT INTO `device_sensor` VALUES ('d67d3d63f79a11e8a21652540015c4a0', '42314F0D3C71608A', '19e77e94f3a211e8a21652540015c4a0', '10', '03', null, '2018-12-04 16:01:43', null);
INSERT INTO `device_sensor` VALUES ('e5bc5e8af79a11e8a21652540015c4a0', '42314F0D3C71608A', '19e77e94f3a211e8a21652540015c4a0', '10', '04', null, '2018-12-04 16:02:09', null);

-- ----------------------------
-- Table structure for device_zone
-- ----------------------------
DROP TABLE IF EXISTS `device_zone`;
CREATE TABLE `device_zone` (
  `id` varchar(32) NOT NULL,
  `dev_id` varchar(32) DEFAULT NULL COMMENT '设备id',
  `dev_type` varchar(60) DEFAULT NULL COMMENT '设备型号',
  `number` varchar(10) DEFAULT NULL COMMENT '防区编号',
  `name` varchar(100) DEFAULT NULL COMMENT '防区名字',
  `zone_type` tinyint(2) DEFAULT NULL COMMENT '防区类型,“1”: 普通防区;  “2”: 延时报警防区; “3”: 24小时防区; “4”: 关闭防区;',
  `arm_type` tinyint(2) DEFAULT NULL COMMENT '报警方式, “0”: 无声报警   “1”: 有声报警',
  `home_type` tinyint(2) DEFAULT NULL COMMENT '在家布防时的报警状态设置,“0”: 不报警      “1”: 报警',
  `create_time` datetime DEFAULT NULL,
  `update_time` datetime DEFAULT NULL,
  PRIMARY KEY (`id`)
) ENGINE=InnoDB DEFAULT CHARSET=utf8 COMMENT='设备防区表';

-- ----------------------------
-- Records of device_zone
-- ----------------------------
INSERT INTO `device_zone` VALUES ('19e77e94f3a211e8a21652540015c4a0', 'a99c0c3df39a11e8a21652540015c4a0', '42314F0D3C71608A', '10', '10-zone', null, null, null, '2018-11-29 14:43:38', '2018-12-04 15:58:29');
INSERT INTO `device_zone` VALUES ('2d3bd2e4f3a111e8a21652540015c4a0', '2091d5aaf39b11e8a21652540015c4a0', '42314B0D3C71608A', '10', '10-zone', null, null, null, '2018-11-29 14:37:01', '2018-12-04 14:16:51');

-- ----------------------------
-- Table structure for sys_captcha
-- ----------------------------
DROP TABLE IF EXISTS `sys_captcha`;
CREATE TABLE `sys_captcha` (
  `uuid` char(36) NOT NULL COMMENT 'uuid',
  `code` varchar(6) NOT NULL COMMENT '验证码',
  `expire_time` datetime DEFAULT NULL COMMENT '过期时间',
  PRIMARY KEY (`uuid`)
) ENGINE=InnoDB DEFAULT CHARSET=utf8 COMMENT='系统验证码';

-- ----------------------------
-- Records of sys_captcha
-- ----------------------------
INSERT INTO `sys_captcha` VALUES ('0382174e22d84877890b6150689b1bbc', 'nax2y', '2018-11-30 13:35:21');
INSERT INTO `sys_captcha` VALUES ('062d5c68b95345028de767eebc60ac29', 'adegw', '2018-11-22 18:58:17');
INSERT INTO `sys_captcha` VALUES ('06d16963986d4c8988a99527c4bdfb93', 'bnmxn', '2018-12-04 09:16:49');
INSERT INTO `sys_captcha` VALUES ('080655ef948c412a8bd91ae76cf67717', 'a6y62', '2018-11-26 11:00:37');
INSERT INTO `sys_captcha` VALUES ('0948d3512e6549368cce9e701734fe94', '7237e', '2018-12-04 16:11:19');
INSERT INTO `sys_captcha` VALUES ('0a8f741c28044b1a8bf9c91a047e8163', 'gny8m', '2018-11-29 18:58:29');
INSERT INTO `sys_captcha` VALUES ('0ade535522da4e368f02dc1a7cfcae24', 'xgmew', '2018-11-23 18:22:19');
INSERT INTO `sys_captcha` VALUES ('0bb99a845c4a45ba8208a192f9093fae', 'd3264', '2018-11-27 14:25:04');
INSERT INTO `sys_captcha` VALUES ('1088520845674175882f025a9f851365', '74b67', '2018-11-26 14:57:34');
INSERT INTO `sys_captcha` VALUES ('16d73372f65d413e87cfd9292120755a', 'y7exw', '2018-11-29 18:57:35');
INSERT INTO `sys_captcha` VALUES ('171616ec9e494033832a4ae101f53499', '5cxd6', '2018-11-24 11:57:34');
INSERT INTO `sys_captcha` VALUES ('17ad9a87e84d46028df85bfe65234dc7', '4cdbm', '2018-11-24 10:10:31');
INSERT INTO `sys_captcha` VALUES ('197ead2ccfe14522882e29dce849d4bc', 'ebbbm', '2018-11-24 11:04:14');
INSERT INTO `sys_captcha` VALUES ('1c3c793abb334fe38dc3c998a881d8bb', 'm573a', '2018-11-23 16:22:37');
INSERT INTO `sys_captcha` VALUES ('1f1992f7c05b4789881c30c14041b3c9', 'f8n2b', '2018-11-24 11:23:58');
INSERT INTO `sys_captcha` VALUES ('222cdbaae6824c1a852d0c9a4edfa114', 'b47dw', '2018-11-29 17:32:16');
INSERT INTO `sys_captcha` VALUES ('22be46953e0e4414821417963bcac194', 'c64yf', '2018-11-30 13:35:27');
INSERT INTO `sys_captcha` VALUES ('24c759a8435e45408f0aeccccade7c2c', 'ed4ef', '2018-11-26 15:38:28');
INSERT INTO `sys_captcha` VALUES ('263753631c364a678c3b81a815a7bdb9', 'ypmpw', '2018-11-29 19:26:49');
INSERT INTO `sys_captcha` VALUES ('2a645fe932b642c68b447ef7e3e574a4', '3a2an', '2018-11-29 18:23:32');
INSERT INTO `sys_captcha` VALUES ('2c31be33f334440f80e4352ada2a6275', 'cafn4', '2018-11-24 10:27:14');
INSERT INTO `sys_captcha` VALUES ('2cb88b5306d449ed811aca6007468f69', 'enpm5', '2018-11-24 11:09:05');
INSERT INTO `sys_captcha` VALUES ('2cd7cedd926e42ee89b59496c07c6c54', 'd3dd4', '2018-11-29 19:03:01');
INSERT INTO `sys_captcha` VALUES ('2f3253563b6a47c08be0f6d353e9c21c', 'p3wpg', '2018-11-26 18:03:13');
INSERT INTO `sys_captcha` VALUES ('31b9d21ee51946f48b7806878f9ff9cd', '3yw2f', '2018-11-26 17:48:28');
INSERT INTO `sys_captcha` VALUES ('3509caa4131d4ab58eb4da518aa0aa1a', 'fw47p', '2018-12-02 11:08:19');
INSERT INTO `sys_captcha` VALUES ('361cd8c3704e4a8189c59b43a12c3d92', '86yn4', '2018-11-27 14:06:44');
INSERT INTO `sys_captcha` VALUES ('376070d4cdb7442a894134386df4e253', '76fw7', '2018-11-29 17:32:16');
INSERT INTO `sys_captcha` VALUES ('380740205bb24a4d825845329020f1e4', 'm3by2', '2018-11-26 17:10:41');
INSERT INTO `sys_captcha` VALUES ('39e9299913c1411587d1ab559d759d0f', '72dn2', '2018-11-24 10:13:03');
INSERT INTO `sys_captcha` VALUES ('3c59fde131b14fbd87dd955ce97fd447', 'n36xb', '2018-11-23 18:17:00');
INSERT INTO `sys_captcha` VALUES ('3de823f4d3fd483e8546d4260e08e97e', '2p2bm', '2018-11-23 18:14:44');
INSERT INTO `sys_captcha` VALUES ('4123f09f8787410e8f1e54c7b71101b9', '8mm42', '2018-11-23 18:04:26');
INSERT INTO `sys_captcha` VALUES ('45d1f84e0c544cba80343c91f582f432', '3am6b', '2018-11-27 13:54:58');
INSERT INTO `sys_captcha` VALUES ('46b2325ffaeb468c884ee3f79ace8e8a', 'a5pgd', '2018-11-24 10:09:45');
INSERT INTO `sys_captcha` VALUES ('4700b05f98d94f528ca5f17938174290', '84ba7', '2018-11-29 19:20:08');
INSERT INTO `sys_captcha` VALUES ('499f9a35eb2d442a8c021982816c8c48', 'c2ba8', '2018-11-23 14:07:00');
INSERT INTO `sys_captcha` VALUES ('49de91e324d14e4d804fe5786e8074b7', 'ppnnn', '2018-11-23 18:04:31');
INSERT INTO `sys_captcha` VALUES ('4a295aa7377e486486480fde77ef855f', 'nnapn', '2018-11-24 11:16:15');
INSERT INTO `sys_captcha` VALUES ('4a88cf1621144354803079ac49418962', 'xgxf2', '2018-11-27 14:23:17');
INSERT INTO `sys_captcha` VALUES ('4b3f3674999645058ef9eae487eaffa4', '5373e', '2018-11-26 18:06:54');
INSERT INTO `sys_captcha` VALUES ('4c65b8f1c0ac406b8157b55c7a699913', '6gmb8', '2018-11-23 18:20:34');
INSERT INTO `sys_captcha` VALUES ('522f92165bfd41288a0a19c6ef083fde', 'a3mnf', '2018-11-24 09:55:05');
INSERT INTO `sys_captcha` VALUES ('52a2c8c066b84fe780e4fe2b22e50020', '56n4p', '2018-11-26 14:57:27');
INSERT INTO `sys_captcha` VALUES ('52a705b2d91342928e1c178d9d92254f', 'xgf3b', '2018-11-29 17:32:16');
INSERT INTO `sys_captcha` VALUES ('52b98c57c9924ad48a1831a00e858466', '6bew7', '2018-11-29 19:26:53');
INSERT INTO `sys_captcha` VALUES ('5899ce029cb54cc3805729514b705dfa', 'pp8x4', '2018-11-29 19:26:50');
INSERT INTO `sys_captcha` VALUES ('5b15aef5b29c472b873e65513a55350f', '27nb5', '2018-11-26 16:23:10');
INSERT INTO `sys_captcha` VALUES ('5cc1692c92214cfc8e68b451f962ba41', 'gp2n4', '2018-11-23 16:22:32');
INSERT INTO `sys_captcha` VALUES ('5d310a7f026546e78fdad63d76bce3ea', 'wm7nn', '2018-12-04 09:16:51');
INSERT INTO `sys_captcha` VALUES ('5d9144bed8504499850007ac2b41cc1a', '7gfg8', '2018-11-22 18:58:14');
INSERT INTO `sys_captcha` VALUES ('614925f3d6324c918b6c6b339e5ebad7', 'wa3ng', '2018-11-29 17:32:14');
INSERT INTO `sys_captcha` VALUES ('62607a71df724d6c86d9cc6fe70424ed', '6yf2x', '2018-11-27 13:43:59');
INSERT INTO `sys_captcha` VALUES ('64caf02f465f49298da406abfa240570', 'dbn4b', '2018-11-23 17:17:24');
INSERT INTO `sys_captcha` VALUES ('6597cb3fb9464f7a8e9fbc42e26bd97c', 'd7f58', '2018-11-27 14:02:33');
INSERT INTO `sys_captcha` VALUES ('6635bfcfb6b2475784dd7f0d4ec40526', '4n83n', '2018-11-26 09:21:45');
INSERT INTO `sys_captcha` VALUES ('67c5d102c7644c9e853eed11ad1ec3d2', 'bxe85', '2018-11-24 11:09:30');
INSERT INTO `sys_captcha` VALUES ('6ac221b6b70b4d21865b7b1265007d7b', 'bp67x', '2018-11-27 13:57:35');
INSERT INTO `sys_captcha` VALUES ('6f6a392d71774a0f80ac71d89afec1cb', '33e6m', '2018-11-29 19:03:00');
INSERT INTO `sys_captcha` VALUES ('70533326b6f040328ac9d8a31b86aa2c', '5527n', '2018-12-01 21:38:41');
INSERT INTO `sys_captcha` VALUES ('716fd2de50de48958b153ae94fe6ada9', 'cy7cy', '2018-11-23 18:14:37');
INSERT INTO `sys_captcha` VALUES ('719b3ac8a8804fa08203c77b9258e173', '8ecxb', '2018-11-27 13:56:22');
INSERT INTO `sys_captcha` VALUES ('719dc5ffad3c41dc8926d83624737d51', '5cfxf', '2018-11-27 14:01:14');
INSERT INTO `sys_captcha` VALUES ('71dbf713cf844af78cb6f14e429324a6', 'bgwcn', '2018-11-27 13:52:12');
INSERT INTO `sys_captcha` VALUES ('7295343662cd40e58bb338017b5c9ec1', '2efpc', '2018-11-27 13:58:22');
INSERT INTO `sys_captcha` VALUES ('72d7bf616205409e88ecaea069da305e', 'na64b', '2018-11-28 13:42:34');
INSERT INTO `sys_captcha` VALUES ('7626427a77ef43048c194c14ff79aa54', '874me', '2018-11-27 14:23:37');
INSERT INTO `sys_captcha` VALUES ('77b876486bd449d082689133da474609', 'ypy2g', '2018-11-26 18:04:12');
INSERT INTO `sys_captcha` VALUES ('7c6e01603b5142bc8bdf06c37f111648', 'npnpn', '2018-11-29 18:57:34');
INSERT INTO `sys_captcha` VALUES ('7dd821a3f59641d18423ecccbd082c61', 'n46pw', '2018-11-26 17:46:26');
INSERT INTO `sys_captcha` VALUES ('806da79687514c5d87cade07dc34f6ba', 'd5f2x', '2018-11-23 15:32:14');
INSERT INTO `sys_captcha` VALUES ('83fe9390c97e4422822dd2337088d0f7', '4e5pn', '2018-11-26 17:53:02');
INSERT INTO `sys_captcha` VALUES ('85cb8a3906034c578fd19ddc4224c42e', 'nynmn', '2018-11-29 17:32:12');
INSERT INTO `sys_captcha` VALUES ('88fd55458be94dea88d908080cd2b348', 'n5xmy', '2018-11-29 18:58:29');
INSERT INTO `sys_captcha` VALUES ('8b50c8b0028c4cbe83079bdc391fa049', 'bn753', '2018-11-26 16:21:35');
INSERT INTO `sys_captcha` VALUES ('8c527ca398d94b3a8d300294700d8dac', 'n445p', '2018-11-29 18:23:32');
INSERT INTO `sys_captcha` VALUES ('8c852fb66d2745468df86191f42a6539', '3a5dn', '2018-11-27 13:44:03');
INSERT INTO `sys_captcha` VALUES ('8e7f744eead04d628a94f56f7c3dd3c6', 'bpeb4', '2018-11-24 11:27:07');
INSERT INTO `sys_captcha` VALUES ('91cb3bcad86448fb89d09df99d7393ca', '7558c', '2018-11-26 18:06:41');
INSERT INTO `sys_captcha` VALUES ('96f6970568c840c48a35b76971d81a6c', '256nc', '2018-12-03 09:19:22');
INSERT INTO `sys_captcha` VALUES ('997ffa5b81db405988347b2000dbe2ad', '6pbcc', '2018-11-27 14:04:30');
INSERT INTO `sys_captcha` VALUES ('9ab95274169c4bb2823b71db3b2585fd', 'ggna4', '2018-11-22 19:02:38');
INSERT INTO `sys_captcha` VALUES ('9b9817ab0de54c838732307be5455c34', '57c3n', '2018-11-30 10:35:43');
INSERT INTO `sys_captcha` VALUES ('9c97c9ebe79943b88f90f68aee678d3e', 'x5nyn', '2018-11-22 19:02:41');
INSERT INTO `sys_captcha` VALUES ('9ed48f7e29d34f8d8acfc86297a5c597', 'nffee', '2018-11-26 17:07:25');
INSERT INTO `sys_captcha` VALUES ('9f7df53567884f3188dbc77caa75c312', 'wm6wg', '2018-11-26 11:04:57');
INSERT INTO `sys_captcha` VALUES ('a0a6b1d4af34484b8effe89ce7c13de3', '8wef3', '2018-11-27 14:00:01');
INSERT INTO `sys_captcha` VALUES ('a27880b3eebb49ba82c50017fe2026e3', '25neb', '2018-11-29 17:32:15');
INSERT INTO `sys_captcha` VALUES ('a46f090936b74520851c4bebe78d8550', 'mbyxn', '2018-11-26 17:49:40');
INSERT INTO `sys_captcha` VALUES ('a4b58920ac2c46fe8408565ab6a8327e', 'n42an', '2018-11-26 09:22:52');
INSERT INTO `sys_captcha` VALUES ('aaf9af82f9e240bc81b439ec65133946', 'wcn42', '2018-11-23 17:17:32');
INSERT INTO `sys_captcha` VALUES ('ad0aef3601f94a9488e64782c1fd5023', 'n72we', '2018-11-26 17:06:34');
INSERT INTO `sys_captcha` VALUES ('ae779549f07745f68c0b7f95803405d8', 'dnggx', '2018-11-27 14:03:11');
INSERT INTO `sys_captcha` VALUES ('b00df3f954fa4b0c815b60265db223d0', 'gdn43', '2018-11-30 09:21:31');
INSERT INTO `sys_captcha` VALUES ('b21635be4e1e401b896687d99aea2105', 'wmecp', '2018-11-27 14:26:26');
INSERT INTO `sys_captcha` VALUES ('b3677ea8-2f8e-4bc8-8126-b10f57d28cf8', 'dwdcc', '2018-11-22 17:39:57');
INSERT INTO `sys_captcha` VALUES ('b6f2fe92d2f84697827cb10d2599ce99', 'weyae', '2018-11-26 17:05:33');
INSERT INTO `sys_captcha` VALUES ('b8acfa81cb124c89812f0085d37308bf', '5y2pg', '2018-11-27 14:22:59');
INSERT INTO `sys_captcha` VALUES ('b8e966f40a0e4ddd8a48f882f9997a0d', 'pxffe', '2018-11-27 14:01:55');
INSERT INTO `sys_captcha` VALUES ('c287d992856e43568ba4d5187a04206a', 'xxm2p', '2018-11-24 10:15:26');
INSERT INTO `sys_captcha` VALUES ('c383c1c8b60e4b7f8a3022d1315d712d', 'ndgdp', '2018-11-23 18:04:51');
INSERT INTO `sys_captcha` VALUES ('c4ee7f70483844448cf1e4a3032af240', 'weeae', '2018-11-26 14:57:32');
INSERT INTO `sys_captcha` VALUES ('c55c00eb317748a28c1160a09506be3c', 'g6dnm', '2018-11-29 17:39:22');
INSERT INTO `sys_captcha` VALUES ('c6dbb17228704faa87f086b1d0d879eb', 'bpxg6', '2018-12-04 19:03:05');
INSERT INTO `sys_captcha` VALUES ('c786cffb58aa485d8e4467e5420dde56', 'wyae4', '2018-12-12 09:30:41');
INSERT INTO `sys_captcha` VALUES ('c78935eea7394168898948948949ab43', 'en7x8', '2018-12-04 16:11:12');
INSERT INTO `sys_captcha` VALUES ('c82b26a58e3342a88e19b548f2cf2350', 'bdwe4', '2018-11-24 11:12:51');
INSERT INTO `sys_captcha` VALUES ('ce648a7fc0db48a3873b9502f13f82e9', 'yfdbe', '2018-12-03 09:19:20');
INSERT INTO `sys_captcha` VALUES ('d117dd1fbcbb4b818529e469057a84bb', 'demp7', '2018-11-23 16:21:52');
INSERT INTO `sys_captcha` VALUES ('d249a10c1d8444ef80e8390a6342d456', '8fdy6', '2018-11-29 19:13:56');
INSERT INTO `sys_captcha` VALUES ('d53e5439c2c64a488dd234ddefcc686b', 'nc84p', '2018-11-29 19:20:08');
INSERT INTO `sys_captcha` VALUES ('d70f0ea7ea9946db8a4c40fbd5d2658b', '3nn5c', '2018-11-29 17:57:09');
INSERT INTO `sys_captcha` VALUES ('dc5b9537fbc546fe8d9f6839fa7f96c3', '5p43x', '2018-11-26 17:10:01');
INSERT INTO `sys_captcha` VALUES ('df03181b295247c58ceef4f4a6b0b8cb', 'ywba5', '2018-11-29 19:26:50');
INSERT INTO `sys_captcha` VALUES ('e2e19dab21444ba587e3600e92ba1205', '5bx72', '2018-11-29 19:13:56');
INSERT INTO `sys_captcha` VALUES ('e2ee70049d6e45ad85b75cb0d2249451', 'f27xn', '2018-11-24 10:09:48');
INSERT INTO `sys_captcha` VALUES ('e3602bcf96f844b48b642fde27e4c28e', 'b3mn7', '2018-12-12 14:15:12');
INSERT INTO `sys_captcha` VALUES ('e6d5534cefd94b1e8bb9f558188329f4', 'nw5bc', '2018-11-26 18:05:54');
INSERT INTO `sys_captcha` VALUES ('e7541755c3004c7684a5a7f6252f9f56', 'yypx2', '2018-11-27 14:04:54');
INSERT INTO `sys_captcha` VALUES ('e8ad243a469e4000885404c9878794b1', '8f5n6', '2018-11-26 16:20:54');
INSERT INTO `sys_captcha` VALUES ('edfa4fb75a2747a48746bdf1ca6c359d', '63y87', '2018-11-30 10:36:16');
INSERT INTO `sys_captcha` VALUES ('ee653af3e8724e128df8ddc35731527c', '35g88', '2018-12-12 15:40:10');
INSERT INTO `sys_captcha` VALUES ('ef633b12ff224a5a8d862300103d1d1c', 'fd5me', '2018-11-27 14:24:12');
INSERT INTO `sys_captcha` VALUES ('efa084281554458785732ca0fd03744e', 'x75ce', '2018-11-27 13:56:39');
INSERT INTO `sys_captcha` VALUES ('f064aba91a0243db8effb58d66dd9fea', '5gcfx', '2018-11-27 14:23:15');
INSERT INTO `sys_captcha` VALUES ('f4104168ea084a26892952229f7ee192', '7c86c', '2018-11-24 11:09:56');
INSERT INTO `sys_captcha` VALUES ('f43ffebaa83742a7876c9ef782152ea0', '3f5xb', '2018-12-03 17:46:46');
INSERT INTO `sys_captcha` VALUES ('f45b86501adf41a1853b73e85526921c', 'pgdbe', '2018-11-26 13:45:33');
INSERT INTO `sys_captcha` VALUES ('f489ee7f82074dbb801bd827762f7d55', 'd3b7w', '2018-11-28 09:23:08');
INSERT INTO `sys_captcha` VALUES ('f50db637d0e44a1886bda712210f5501', 'x22c2', '2018-11-26 16:20:31');
INSERT INTO `sys_captcha` VALUES ('f816d81d37ad4db38abc17ff25c2145e', 'xpe36', '2018-11-26 16:22:05');
INSERT INTO `sys_captcha` VALUES ('f9aab5f999e54d308008a0f1722f0c50', 'c42nb', '2018-11-26 17:08:37');
INSERT INTO `sys_captcha` VALUES ('fc019950b8444276854cad3507504684', '5b8xg', '2018-12-12 14:44:58');
INSERT INTO `sys_captcha` VALUES ('fd30219d09c14ac4822d0df1ed65a51c', 'fnpgm', '2018-12-12 14:48:38');
INSERT INTO `sys_captcha` VALUES ('fd65d820899941f78b033e148dc6b23c', '8ge36', '2018-11-26 17:55:49');
INSERT INTO `sys_captcha` VALUES ('fdae32dd6cc846688c7268a192c9796f', 'ab3w2', '2018-11-30 18:33:08');
INSERT INTO `sys_captcha` VALUES ('fed380e1ae5243618e3779defb59fa4e', '3mf6w', '2018-11-29 17:57:35');

-- ----------------------------
-- Table structure for sys_dict
-- ----------------------------
DROP TABLE IF EXISTS `sys_dict`;
CREATE TABLE `sys_dict` (
  `id` int(20) NOT NULL AUTO_INCREMENT COMMENT '主键',
  `code` varchar(32) DEFAULT NULL COMMENT '字典标识',
  `p_code` varchar(32) DEFAULT '0' COMMENT '字典父标识',
  `name` varchar(32) DEFAULT NULL COMMENT '名称',
  `seq` int(11) DEFAULT NULL COMMENT '排序',
  `description` varchar(200) DEFAULT NULL COMMENT '描述',
  PRIMARY KEY (`id`)
) ENGINE=InnoDB AUTO_INCREMENT=55 DEFAULT CHARSET=utf8 COMMENT='字典表';

-- ----------------------------
-- Records of sys_dict
-- ----------------------------
INSERT INTO `sys_dict` VALUES ('18', '12000', '', '性别', '3', null);
INSERT INTO `sys_dict` VALUES ('19', '12001', '12000', '男', '1', null);
INSERT INTO `sys_dict` VALUES ('20', '12002', '12000', '女', '0', null);
INSERT INTO `sys_dict` VALUES ('49', '10000', '0', '设备当前状态', '1', '布防状态');
INSERT INTO `sys_dict` VALUES ('50', '1', '10000', '布防', '1', '布防');
INSERT INTO `sys_dict` VALUES ('51', '2', '10000', '撤防', '2', '撤防');
INSERT INTO `sys_dict` VALUES ('53', '3', '10000', '在家布防', '3', '在家布防');
INSERT INTO `sys_dict` VALUES ('54', '4', '10000', 'SOS报警', '4', 'SOS报警');

-- ----------------------------
-- Table structure for sys_log
-- ----------------------------
DROP TABLE IF EXISTS `sys_log`;
CREATE TABLE `sys_log` (
  `id` bigint(20) NOT NULL AUTO_INCREMENT,
  `username` varchar(50) DEFAULT NULL COMMENT '用户名',
  `operation` varchar(50) DEFAULT NULL COMMENT '用户操作',
  `method` varchar(200) DEFAULT NULL COMMENT '请求方法',
  `params` varchar(5000) DEFAULT NULL COMMENT '请求参数',
  `time` bigint(20) NOT NULL COMMENT '执行时长(毫秒)',
  `ip` varchar(64) DEFAULT NULL COMMENT 'IP地址',
  `create_date` datetime DEFAULT NULL COMMENT '创建时间',
  PRIMARY KEY (`id`)
) ENGINE=InnoDB AUTO_INCREMENT=282 DEFAULT CHARSET=utf8 COMMENT='系统日志';

-- ----------------------------
-- Records of sys_log
-- ----------------------------
INSERT INTO `sys_log` VALUES ('59', 'admin', '暂停定时任务', 'com.qooence.base.admin.modules.job.controller.ScheduleJobController.pause()', '[1]', '400', '127.0.0.1', '2018-11-22 17:36:54');
INSERT INTO `sys_log` VALUES ('60', 'admin', '保存用户', 'com.qooence.base.admin.modules.sys.controller.SysUserController.save()', '{\"userId\":4,\"username\":\"李德华\",\"password\":\"5e1a45f6d045ae4b24af6bc74322814c92d0ef2033ee66e95f87a8f86ed2f9ba\",\"salt\":\"XSqYXsNgtUq8lXPWcDtG\",\"name\":\"121\",\"status\":1,\"roleIdList\":[2,3],\"createUserId\":1,\"createTime\":\"Nov 29, 2018 4:21:57 PM\"}', '250', '127.0.0.1', '2018-11-29 16:21:58');
INSERT INTO `sys_log` VALUES ('61', 'admin', '保存用户', 'com.qooence.base.admin.modules.sys.controller.SysUserController.save()', '{\"userId\":5,\"username\":\"100000\",\"password\":\"499a3e10893f24038d5a369444987927cad461d57cf0b083594e13ec78c04fc5\",\"salt\":\"44mq12WUrLNYMy5Bj82q\",\"name\":\"100000\",\"status\":0,\"roleIdList\":[4],\"createUserId\":1,\"createTime\":\"Nov 29, 2018 4:31:55 PM\"}', '61', '127.0.0.1', '2018-11-29 16:31:55');
INSERT INTO `sys_log` VALUES ('62', 'admin', '保存用户', 'com.qooence.base.admin.modules.sys.controller.SysUserController.save()', '{\"userId\":6,\"username\":\"1000001\",\"password\":\"58fc92f20ade410bd0340b1f8f5028db144f2103cc3068d39f1006012fa1b6ad\",\"salt\":\"KwNQyDsBwYksaeGNI41g\",\"name\":\"1213\",\"status\":1,\"roleIdList\":[2],\"createUserId\":1,\"createTime\":\"Nov 29, 2018 5:05:47 PM\"}', '177', '127.0.0.1', '2018-11-29 17:05:47');
INSERT INTO `sys_log` VALUES ('63', 'admin', '保存用户', 'com.qooence.base.admin.modules.sys.controller.SysUserController.save()', '{\"userId\":7,\"username\":\"1000003\",\"password\":\"90e6a03b64949f9e2c237a50b4194b64fcc37883ff49db49a6a3ba1ae73957ed\",\"salt\":\"IhVx5bhFlL4yIPXP7vvI\",\"name\":\"1000003\",\"status\":1,\"roleIdList\":[2],\"createUserId\":1,\"createTime\":\"Nov 29, 2018 5:12:31 PM\"}', '170', '127.0.0.1', '2018-11-29 17:12:32');
INSERT INTO `sys_log` VALUES ('64', 'admin', '修改用户', 'com.qooence.base.admin.modules.sys.controller.SysUserController.update()', '{\"userId\":5,\"username\":\"100000\",\"password\":\"9aebe14e430abeceaf0f38d943c47242d236351c0384b459c745cd131d0ccfba\",\"name\":\"100000\",\"status\":1,\"roleIdList\":[2],\"updateUserId\":1,\"updateTime\":\"Nov 29, 2018 5:17:00 PM\"}', '2584', '127.0.0.1', '2018-11-29 17:17:00');
INSERT INTO `sys_log` VALUES ('65', 'admin', '保存用户', 'com.qooence.base.admin.modules.sys.controller.SysUserController.save()', '{\"userId\":10,\"username\":\"jyq\",\"password\":\"aee574482faac1619c011f3827dafc313bab23e387de034ef6066b1e2037a0e3\",\"salt\":\"8TJV625R8PRo7wg2HDIB\",\"name\":\"蒋勇奇\",\"status\":1,\"roleIdList\":[4],\"createUserId\":1,\"createTime\":\"Nov 29, 2018 5:19:32 PM\"}', '85', '127.0.0.1', '2018-11-29 17:19:32');
INSERT INTO `sys_log` VALUES ('66', 'admin', '修改用户', 'com.qooence.base.admin.modules.sys.controller.SysUserController.update()', '{\"userId\":2,\"username\":\"doctor\",\"password\":\"a3fbb567cf03b13c5ac953c86e234e94fe1a8d5c129391a7d984177479a8faa2\",\"name\":\"管理员\",\"status\":1,\"roleIdList\":[2],\"updateUserId\":1,\"updateTime\":\"Nov 29, 2018 5:26:05 PM\"}', '14343', '192.168.16.120', '2018-11-29 17:26:06');
INSERT INTO `sys_log` VALUES ('67', 'admin', '修改用户', 'com.qooence.base.admin.modules.sys.controller.SysUserController.update()', '{\"userId\":2,\"username\":\"doctor\",\"password\":\"a3fbb567cf03b13c5ac953c86e234e94fe1a8d5c129391a7d984177479a8faa2\",\"name\":\"管理员\",\"status\":1,\"roleIdList\":[2],\"updateUserId\":1,\"updateTime\":\"Nov 29, 2018 5:26:05 PM\"}', '188', '192.168.16.120', '2018-11-29 17:26:06');
INSERT INTO `sys_log` VALUES ('68', 'admin', '修改用户', 'com.qooence.base.admin.modules.sys.controller.SysUserController.update()', '{\"userId\":2,\"username\":\"doctor\",\"password\":\"a3fbb567cf03b13c5ac953c86e234e94fe1a8d5c129391a7d984177479a8faa2\",\"name\":\"管理员\",\"status\":1,\"roleIdList\":[2],\"updateUserId\":1,\"updateTime\":\"Nov 29, 2018 5:26:05 PM\"}', '197', '192.168.16.120', '2018-11-29 17:26:06');
INSERT INTO `sys_log` VALUES ('69', 'admin', '修改用户', 'com.qooence.base.admin.modules.sys.controller.SysUserController.update()', '{\"userId\":2,\"username\":\"doctor\",\"password\":\"a3fbb567cf03b13c5ac953c86e234e94fe1a8d5c129391a7d984177479a8faa2\",\"name\":\"管理员\",\"status\":1,\"roleIdList\":[2],\"updateUserId\":1,\"updateTime\":\"Nov 29, 2018 5:26:05 PM\"}', '210', '192.168.16.120', '2018-11-29 17:26:06');
INSERT INTO `sys_log` VALUES ('70', 'admin', '修改用户', 'com.qooence.base.admin.modules.sys.controller.SysUserController.update()', '{\"userId\":2,\"username\":\"doctor\",\"password\":\"a3fbb567cf03b13c5ac953c86e234e94fe1a8d5c129391a7d984177479a8faa2\",\"name\":\"管理员\",\"status\":1,\"roleIdList\":[2],\"updateUserId\":1,\"updateTime\":\"Nov 29, 2018 5:26:06 PM\"}', '72', '192.168.16.120', '2018-11-29 17:26:06');
INSERT INTO `sys_log` VALUES ('71', 'admin', '修改用户', 'com.qooence.base.admin.modules.sys.controller.SysUserController.update()', '{\"userId\":2,\"username\":\"doctor\",\"password\":\"a3fbb567cf03b13c5ac953c86e234e94fe1a8d5c129391a7d984177479a8faa2\",\"name\":\"管理员\",\"status\":1,\"roleIdList\":[2],\"updateUserId\":1,\"updateTime\":\"Nov 29, 2018 5:26:05 PM\"}', '225', '192.168.16.120', '2018-11-29 17:26:06');
INSERT INTO `sys_log` VALUES ('72', 'admin', '修改用户', 'com.qooence.base.admin.modules.sys.controller.SysUserController.update()', '{\"userId\":2,\"username\":\"doctor\",\"password\":\"a3fbb567cf03b13c5ac953c86e234e94fe1a8d5c129391a7d984177479a8faa2\",\"name\":\"管理员\",\"status\":1,\"roleIdList\":[2],\"updateUserId\":1,\"updateTime\":\"Nov 29, 2018 5:26:06 PM\"}', '89', '192.168.16.120', '2018-11-29 17:26:06');
INSERT INTO `sys_log` VALUES ('73', 'admin', '修改用户', 'com.qooence.base.admin.modules.sys.controller.SysUserController.update()', '{\"userId\":2,\"username\":\"doctor\",\"password\":\"a3fbb567cf03b13c5ac953c86e234e94fe1a8d5c129391a7d984177479a8faa2\",\"name\":\"管理员\",\"status\":1,\"roleIdList\":[2],\"updateUserId\":1,\"updateTime\":\"Nov 29, 2018 5:26:06 PM\"}', '84', '192.168.16.120', '2018-11-29 17:26:06');
INSERT INTO `sys_log` VALUES ('74', 'admin', '修改用户', 'com.qooence.base.admin.modules.sys.controller.SysUserController.update()', '{\"userId\":3,\"username\":\"qoo\",\"password\":\"edb61a55e4fae2e6c236fb983e6c03ebb54c072dca4dc07cd5ef7b3f5fd48d9a\",\"name\":\"普通用户\",\"status\":1,\"roleIdList\":[3],\"updateUserId\":1,\"updateTime\":\"Nov 29, 2018 5:26:45 PM\"}', '82', '192.168.16.120', '2018-11-29 17:26:45');
INSERT INTO `sys_log` VALUES ('75', 'admin', '修改用户', 'com.qooence.base.admin.modules.sys.controller.SysUserController.update()', '{\"userId\":2,\"username\":\"doctor\",\"password\":\"f05cf0e1b0f53e4962118589d0dea67fcc461280dc7f1fbdc297ba2ec3d1070a\",\"name\":\"管理员\",\"status\":1,\"roleIdList\":[2],\"updateUserId\":1,\"updateTime\":\"Nov 29, 2018 5:28:26 PM\"}', '80', '192.168.16.120', '2018-11-29 17:28:26');
INSERT INTO `sys_log` VALUES ('76', 'admin', '修改用户', 'com.qooence.base.admin.modules.sys.controller.SysUserController.update()', '{\"userId\":2,\"username\":\"doctor\",\"password\":\"8d969eef6ecad3c29a3a629280e686cf0c3f5d5a86aff3ca12020c923adc6c92\",\"name\":\"管理员\",\"status\":1,\"roleIdList\":[2],\"updateUserId\":1,\"updateTime\":\"Nov 29, 2018 5:31:49 PM\"}', '107', '127.0.0.1', '2018-11-29 17:31:50');
INSERT INTO `sys_log` VALUES ('77', 'admin', '修改用户', 'com.qooence.base.admin.modules.sys.controller.SysUserController.update()', '{\"userId\":3,\"username\":\"qoo\",\"password\":\"8d969eef6ecad3c29a3a629280e686cf0c3f5d5a86aff3ca12020c923adc6c92\",\"name\":\"普通用户\",\"status\":1,\"roleIdList\":[3],\"updateUserId\":1,\"updateTime\":\"Nov 29, 2018 5:31:59 PM\"}', '63', '127.0.0.1', '2018-11-29 17:32:00');
INSERT INTO `sys_log` VALUES ('78', 'admin', '保存用户', 'com.qooence.base.admin.modules.sys.controller.SysUserController.save()', '{\"userId\":11,\"username\":\"qwerty\",\"password\":\"56910bc1125395037c5ba7b8a4330ab55e86bce933e2529f55d55b002b980b97\",\"salt\":\"efnYFqpyrCGr71GUQ081\",\"name\":\"12\",\"status\":1,\"roleIdList\":[2],\"createUserId\":1,\"createTime\":\"Nov 29, 2018 5:36:01 PM\"}', '51', '127.0.0.1', '2018-11-29 17:36:01');
INSERT INTO `sys_log` VALUES ('79', 'admin', '修改用户', 'com.qooence.base.admin.modules.sys.controller.SysUserController.update()', '{\"userId\":2,\"username\":\"doctor\",\"name\":\"管理员\",\"status\":0,\"roleIdList\":[2],\"updateUserId\":1,\"updateTime\":\"Nov 29, 2018 5:49:12 PM\"}', '55', '127.0.0.1', '2018-11-29 17:49:13');
INSERT INTO `sys_log` VALUES ('80', 'admin', '修改用户', 'com.qooence.base.admin.modules.sys.controller.SysUserController.update()', '{\"userId\":2,\"username\":\"doctor\",\"name\":\"管理员\",\"status\":1,\"roleIdList\":[2],\"updateUserId\":1,\"updateTime\":\"Nov 29, 2018 5:49:19 PM\"}', '52', '127.0.0.1', '2018-11-29 17:49:19');
INSERT INTO `sys_log` VALUES ('81', 'admin', '修改用户', 'com.qooence.base.admin.modules.sys.controller.SysUserController.update()', '{\"userId\":2,\"username\":\"doctor\",\"password\":\"8d969eef6ecad3c29a3a629280e686cf0c3f5d5a86aff3ca12020c923adc6c92\",\"name\":\"管理员\",\"status\":1,\"roleIdList\":[2],\"updateUserId\":1,\"updateTime\":\"Nov 29, 2018 5:51:44 PM\"}', '55', '127.0.0.1', '2018-11-29 17:51:44');
INSERT INTO `sys_log` VALUES ('82', 'admin', '修改用户', 'com.qooence.base.admin.modules.sys.controller.SysUserController.update()', '{\"userId\":2,\"username\":\"thzzc\",\"password\":\"3bac1ed6ac9616aea70128a415d453cdfc526cd5619aa3221cbc9d72f0997060\",\"salt\":\"nby5DjVeeJ7bKSm756vj\",\"name\":\"太和\",\"status\":1,\"roleIdList\":[2,3,4],\"updateUserId\":1,\"updateTime\":\"Nov 29, 2018 6:10:52 PM\"}', '84', '127.0.0.1', '2018-11-29 18:10:53');
INSERT INTO `sys_log` VALUES ('83', 'admin', '保存用户', 'com.qooence.base.admin.modules.sys.controller.SysUserController.save()', '{\"userId\":12,\"username\":\"yyzzt\",\"password\":\"cd810ec8636ee94d807c3be6181109b1191e0929bfe12ba73f1097667fabdb36\",\"salt\":\"jjvGHiNvrWMzShSqMtQl\",\"name\":\"颐养自在通\",\"status\":1,\"roleIdList\":[2],\"createUserId\":1,\"createTime\":\"Nov 29, 2018 6:12:12 PM\"}', '57', '127.0.0.1', '2018-11-29 18:12:12');
INSERT INTO `sys_log` VALUES ('84', 'yyzzt', '修改用户', 'com.qooence.base.admin.modules.sys.controller.SysUserController.update()', '{\"userId\":12,\"username\":\"yyzzt\",\"password\":\"cd810ec8636ee94d807c3be6181109b1191e0929bfe12ba73f1097667fabdb36\",\"salt\":\"jjvGHiNvrWMzShSqMtQl\",\"name\":\"颐养自在通\",\"status\":0,\"roleIdList\":[2],\"updateUserId\":12,\"updateTime\":\"Nov 29, 2018 6:14:10 PM\"}', '276', '127.0.0.1', '2018-11-29 18:14:11');
INSERT INTO `sys_log` VALUES ('85', 'admin', '修改用户', 'com.qooence.base.admin.modules.sys.controller.SysUserController.update()', '{\"userId\":12,\"username\":\"yyzzt\",\"password\":\"cd810ec8636ee94d807c3be6181109b1191e0929bfe12ba73f1097667fabdb36\",\"salt\":\"jjvGHiNvrWMzShSqMtQl\",\"name\":\"颐养自在通\",\"status\":1,\"roleIdList\":[2],\"updateUserId\":1,\"updateTime\":\"Nov 29, 2018 6:14:46 PM\"}', '108', '127.0.0.1', '2018-11-29 18:14:47');
INSERT INTO `sys_log` VALUES ('86', 'yyzzt', '修改用户', 'com.qooence.base.admin.modules.sys.controller.SysUserController.update()', '{\"userId\":12,\"username\":\"yyzzt\",\"password\":\"e2bc62bb67033e2054ffab776280f4808320c028e1d068b62c3ab50e9e5df69c\",\"salt\":\"jjvGHiNvrWMzShSqMtQl\",\"name\":\"颐养自在通\",\"status\":1,\"roleIdList\":[2],\"updateUserId\":12,\"updateTime\":\"Nov 29, 2018 6:15:30 PM\"}', '85', '127.0.0.1', '2018-11-29 18:15:30');
INSERT INTO `sys_log` VALUES ('87', 'yyzzt', '修改用户', 'com.qooence.base.admin.modules.sys.controller.SysUserController.update()', '{\"userId\":12,\"username\":\"yyzzt\",\"password\":\"cd810ec8636ee94d807c3be6181109b1191e0929bfe12ba73f1097667fabdb36\",\"salt\":\"jjvGHiNvrWMzShSqMtQl\",\"name\":\"颐养自在通\",\"status\":1,\"roleIdList\":[2],\"updateUserId\":12,\"updateTime\":\"Nov 29, 2018 6:16:30 PM\"}', '33', '127.0.0.1', '2018-11-29 18:16:30');
INSERT INTO `sys_log` VALUES ('88', 'admin', '删除用户', 'com.qooence.base.admin.modules.sys.controller.SysUserController.delete()', '[2,3,4]', '78', '127.0.0.1', '2018-11-30 09:19:17');
INSERT INTO `sys_log` VALUES ('89', 'admin', '删除用户', 'com.qooence.base.admin.modules.sys.controller.SysUserController.delete()', '[5,6,7,10,11]', '27', '127.0.0.1', '2018-11-30 09:24:43');
INSERT INTO `sys_log` VALUES ('90', 'admin', '保存用户', 'com.qooence.base.admin.modules.sys.controller.SysUserController.save()', '{\"userId\":13,\"username\":\"thzzc\",\"password\":\"d9c248a3a3c1292ac63665d33491c79e6318741c31019891eb69a34057d157b0\",\"salt\":\"ubYMxKTDBCOMwZK2fg7x\",\"name\":\"thzzc\",\"status\":1,\"roleIdList\":[2,3,4],\"createUserId\":1,\"createTime\":\"Nov 30, 2018 9:28:13 AM\"}', '207', '127.0.0.1', '2018-11-30 09:28:14');
INSERT INTO `sys_log` VALUES ('91', 'admin', '修改用户', 'com.qooence.base.admin.modules.sys.controller.SysUserController.update()', '{\"userId\":13,\"username\":\"thzzc\",\"password\":\"d9c248a3a3c1292ac63665d33491c79e6318741c31019891eb69a34057d157b0\",\"salt\":\"ubYMxKTDBCOMwZK2fg7x\",\"name\":\"thzzc\",\"status\":1,\"roleIdList\":[2,3],\"createUserId\":1,\"updateTime\":\"Nov 30, 2018 9:30:48 AM\"}', '75', '127.0.0.1', '2018-11-30 09:30:48');
INSERT INTO `sys_log` VALUES ('92', 'admin', '删除用户', 'com.qooence.base.admin.modules.sys.controller.SysUserController.delete()', '[13]', '74', '127.0.0.1', '2018-11-30 09:37:32');
INSERT INTO `sys_log` VALUES ('93', 'admin', '保存用户', 'com.qooence.base.admin.modules.sys.controller.SysUserController.save()', '{\"userId\":14,\"username\":\"thzzc\",\"password\":\"18273bfe5cf8b1701ff5d672d983d039c9bdc1db6d467b81591d18528a1fba21\",\"salt\":\"hWmtnxKkaBCNqkKOjaSB\",\"name\":\"thzz\",\"status\":1,\"roleIdList\":[2,3],\"createUserId\":1,\"createTime\":\"Nov 30, 2018 9:42:59 AM\"}', '180', '127.0.0.1', '2018-11-30 09:42:59');
INSERT INTO `sys_log` VALUES ('94', 'admin', '删除用户', 'com.qooence.base.admin.modules.sys.controller.SysUserController.delete()', '[14]', '122', '127.0.0.1', '2018-11-30 09:43:09');
INSERT INTO `sys_log` VALUES ('95', 'admin', '保存用户', 'com.qooence.base.admin.modules.sys.controller.SysUserController.save()', '{\"userId\":15,\"username\":\"thzzc\",\"password\":\"090af7205b2274f267f45956ee283cfccdd3ddc761dc6d407b29e845d10db360\",\"salt\":\"KWqblGPjpBu0vm7c2BTE\",\"name\":\"thzzc\",\"status\":1,\"roleIdList\":[2,3,4],\"createUserId\":1,\"createTime\":\"Nov 30, 2018 9:43:31 AM\"}', '72', '127.0.0.1', '2018-11-30 09:43:32');
INSERT INTO `sys_log` VALUES ('96', 'admin', '保存用户', 'com.qooence.base.admin.modules.sys.controller.SysUserController.save()', '{\"userId\":16,\"username\":\"qoo\",\"password\":\"bf9cd7d25f760ef60272edeefe9675b5c158820713107eb73e7f0ec726586d0b\",\"salt\":\"bVgenNEK2pyVajyXtg4Q\",\"name\":\"QOO\",\"status\":1,\"roleIdList\":[2,3,4],\"createUserId\":1,\"createTime\":\"Nov 30, 2018 9:44:28 AM\"}', '67', '127.0.0.1', '2018-11-30 09:44:29');
INSERT INTO `sys_log` VALUES ('97', 'admin', '删除用户', 'com.qooence.base.admin.modules.sys.controller.SysUserController.delete()', '[15,16]', '140', '127.0.0.1', '2018-11-30 09:44:37');
INSERT INTO `sys_log` VALUES ('98', 'admin', '修改用户', 'com.qooence.base.admin.modules.sys.controller.SysUserController.update()', '{\"userId\":12,\"username\":\"yyzzt\",\"password\":\"cd810ec8636ee94d807c3be6181109b1191e0929bfe12ba73f1097667fabdb36\",\"salt\":\"jjvGHiNvrWMzShSqMtQl\",\"name\":\"颐养自在通\",\"status\":1,\"roleIdList\":[2,3,4],\"createUserId\":1,\"updateTime\":\"Nov 30, 2018 10:12:40 AM\"}', '82', '127.0.0.1', '2018-11-30 10:12:40');
INSERT INTO `sys_log` VALUES ('99', 'admin', '修改用户', 'com.qooence.base.admin.modules.sys.controller.SysUserController.update()', '{\"userId\":12,\"username\":\"yyzzt\",\"password\":\"cd810ec8636ee94d807c3be6181109b1191e0929bfe12ba73f1097667fabdb36\",\"salt\":\"jjvGHiNvrWMzShSqMtQl\",\"name\":\"颐养自在通\",\"status\":1,\"roleIdList\":[2],\"createUserId\":1,\"updateTime\":\"Nov 30, 2018 10:16:19 AM\"}', '72', '127.0.0.1', '2018-11-30 10:16:19');
INSERT INTO `sys_log` VALUES ('100', 'admin', '删除用户', 'com.qooence.base.admin.modules.sys.controller.SysUserController.delete()', '[null]', '61', '127.0.0.1', '2018-11-30 10:58:42');
INSERT INTO `sys_log` VALUES ('101', 'admin', '删除角色', 'com.qooence.base.admin.modules.sys.controller.SysRoleController.delete()', '[4]', '176', '127.0.0.1', '2018-11-30 11:10:28');
INSERT INTO `sys_log` VALUES ('102', 'admin', '删除角色', 'com.qooence.base.admin.modules.sys.controller.SysRoleController.delete()', '[1]', '42', '127.0.0.1', '2018-11-30 11:13:00');
INSERT INTO `sys_log` VALUES ('103', 'admin', '保存角色', 'com.qooence.base.admin.modules.sys.controller.SysRoleController.save()', '{\"roleId\":5,\"roleName\":\"新角色\",\"remark\":\"新\",\"createUserId\":1,\"menuIdList\":[1,2,4,5,6],\"createTime\":\"Nov 30, 2018 3:03:53 PM\"}', '225', '127.0.0.1', '2018-11-30 15:03:53');
INSERT INTO `sys_log` VALUES ('104', 'admin', '保存角色', 'com.qooence.base.admin.modules.sys.controller.SysRoleController.save()', '{\"roleId\":6,\"roleName\":\"qqq\",\"remark\":\"qqq\",\"createUserId\":1,\"menuIdList\":[1,2,4,3,8],\"createTime\":\"Nov 30, 2018 3:23:44 PM\"}', '389', '127.0.0.1', '2018-11-30 15:23:44');
INSERT INTO `sys_log` VALUES ('105', 'admin', '保存角色', 'com.qooence.base.admin.modules.sys.controller.SysRoleController.save()', '{\"roleId\":7,\"roleName\":\"www\",\"remark\":\"www\",\"createUserId\":1,\"menuIdList\":[1,2,7],\"createTime\":\"Nov 30, 2018 3:25:31 PM\"}', '24735', '127.0.0.1', '2018-11-30 15:25:50');
INSERT INTO `sys_log` VALUES ('106', 'admin', '保存角色', 'com.qooence.base.admin.modules.sys.controller.SysRoleController.save()', '{\"roleId\":8,\"roleName\":\"ee\",\"remark\":\"ee\",\"createUserId\":1,\"menuIdList\":[1,2,4,5,6,7,3,8],\"createTime\":\"Nov 30, 2018 3:27:11 PM\"}', '31986', '127.0.0.1', '2018-11-30 15:27:39');
INSERT INTO `sys_log` VALUES ('107', 'admin', '保存角色', 'com.qooence.base.admin.modules.sys.controller.SysRoleController.save()', '{\"roleId\":9,\"roleName\":\"rr\",\"remark\":\"rr\",\"createUserId\":1,\"menuIdList\":[1,2,5],\"createTime\":\"Nov 30, 2018 3:31:08 PM\"}', '12337', '127.0.0.1', '2018-11-30 15:31:21');
INSERT INTO `sys_log` VALUES ('108', 'admin', '保存角色', 'com.qooence.base.admin.modules.sys.controller.SysRoleController.save()', '{\"roleId\":10,\"roleName\":\"微微\",\"remark\":\"而温柔\",\"createUserId\":1,\"menuIdList\":[1,2,7,3,10],\"createTime\":\"Nov 30, 2018 4:23:25 PM\"}', '49', '127.0.0.1', '2018-11-30 16:23:26');
INSERT INTO `sys_log` VALUES ('109', 'admin', '保存角色', 'com.qooence.base.admin.modules.sys.controller.SysRoleController.save()', '{\"roleId\":11,\"roleName\":\"微微\",\"remark\":\"微微\",\"createUserId\":1,\"menuIdList\":[1,2,7,3,10],\"createTime\":\"Nov 30, 2018 5:21:57 PM\"}', '334', '127.0.0.1', '2018-11-30 17:21:58');
INSERT INTO `sys_log` VALUES ('110', 'admin', '保存角色', 'com.qooence.base.admin.modules.sys.controller.SysRoleController.save()', '{\"roleId\":12,\"roleName\":\"34234\",\"remark\":\"234234\",\"createUserId\":1,\"menuIdList\":[1,2,7,3,10],\"createTime\":\"Nov 30, 2018 5:24:00 PM\"}', '332', '127.0.0.1', '2018-11-30 17:24:00');
INSERT INTO `sys_log` VALUES ('111', 'admin', '保存角色', 'com.qooence.base.admin.modules.sys.controller.SysRoleController.save()', '{\"roleId\":13,\"roleName\":\"33454\",\"remark\":\"45345\",\"createUserId\":1,\"menuIdList\":[1,2,7,3,10],\"createTime\":\"Nov 30, 2018 5:26:02 PM\"}', '20070', '127.0.0.1', '2018-11-30 17:26:03');
INSERT INTO `sys_log` VALUES ('112', 'admin', '保存角色', 'com.qooence.base.admin.modules.sys.controller.SysRoleController.save()', '{\"roleId\":14,\"roleName\":\"而温柔\",\"remark\":\"让人让人若若若若若若\",\"createUserId\":1,\"checkes\":\"7,10\",\"menuIdList\":[1,2,7,3,10],\"createTime\":\"Nov 30, 2018 5:27:18 PM\"}', '3673', '127.0.0.1', '2018-11-30 17:27:19');
INSERT INTO `sys_log` VALUES ('113', 'admin', '保存角色', 'com.qooence.base.admin.modules.sys.controller.SysRoleController.save()', '{\"roleId\":15,\"roleName\":\"3432\",\"remark\":\"32424\",\"createUserId\":1,\"checkes\":\"1,2,4,5,6,7,3,8,9,10,11\",\"menuIdList\":[1,2,4,5,6,7,3,8,9,10,11],\"createTime\":\"Nov 30, 2018 5:59:56 PM\"}', '351', '127.0.0.1', '2018-11-30 17:59:57');
INSERT INTO `sys_log` VALUES ('114', 'admin', '保存角色', 'com.qooence.base.admin.modules.sys.controller.SysRoleController.save()', '{\"roleId\":16,\"roleName\":\"3432\",\"remark\":\"32424\",\"createUserId\":1,\"checkes\":\"2,4,5,6,7,8,9,10\",\"menuIdList\":[1,2,4,5,6,7,3,8,9,10],\"createTime\":\"Nov 30, 2018 6:00:09 PM\"}', '49', '127.0.0.1', '2018-11-30 18:00:09');
INSERT INTO `sys_log` VALUES ('115', 'admin', '保存角色', 'com.qooence.base.admin.modules.sys.controller.SysRoleController.save()', '{\"roleId\":17,\"roleName\":\"3432\",\"remark\":\"32424\",\"createUserId\":1,\"checkes\":\"2,4,5,6,7,8,9,10,13\",\"menuIdList\":[1,2,4,5,6,7,3,8,9,10,12,13],\"createTime\":\"Nov 30, 2018 6:00:20 PM\"}', '50', '127.0.0.1', '2018-11-30 18:00:21');
INSERT INTO `sys_log` VALUES ('116', 'admin', '保存角色', 'com.qooence.base.admin.modules.sys.controller.SysRoleController.save()', '{\"roleId\":18,\"roleName\":\"3432\",\"remark\":\"32424\",\"createUserId\":1,\"checkes\":\"2,4,5,6,7,8,9,10,13\",\"menuIdList\":[1,2,4,5,6,7,3,8,9,10,12,13],\"createTime\":\"Nov 30, 2018 6:00:31 PM\"}', '53', '127.0.0.1', '2018-11-30 18:00:32');
INSERT INTO `sys_log` VALUES ('117', 'admin', '保存角色', 'com.qooence.base.admin.modules.sys.controller.SysRoleController.save()', '{\"roleId\":19,\"roleName\":\"用户\",\"remark\":\"用户\",\"createUserId\":1,\"checkes\":\"12,13,14\",\"menuIdList\":[12,13,14],\"createTime\":\"Nov 30, 2018 6:04:45 PM\"}', '294', '127.0.0.1', '2018-11-30 18:04:46');
INSERT INTO `sys_log` VALUES ('118', 'admin', '修改角色', 'com.qooence.base.admin.modules.sys.controller.SysRoleController.update()', '{\"roleId\":19,\"roleName\":\"用户\",\"remark\":\"用户\",\"createUserId\":1,\"checkes\":\"13\",\"menuIdList\":[12,13]}', '131', '127.0.0.1', '2018-11-30 18:05:23');
INSERT INTO `sys_log` VALUES ('119', 'admin', '修改角色', 'com.qooence.base.admin.modules.sys.controller.SysRoleController.update()', '{\"roleId\":19,\"roleName\":\"管理员\",\"remark\":\"管理员\",\"createUserId\":1,\"checkes\":\"1,2,4,5,6,7,3,8,9,10,11\",\"menuIdList\":[1,2,4,5,6,7,3,8,9,10,11]}', '71', '127.0.0.1', '2018-11-30 18:11:33');
INSERT INTO `sys_log` VALUES ('120', 'admin', '修改角色', 'com.qooence.base.admin.modules.sys.controller.SysRoleController.update()', '{\"roleId\":19,\"roleName\":\"用户\",\"remark\":\"用户\",\"createUserId\":1,\"checkes\":\"12,13,14\",\"menuIdList\":[12,13,14]}', '71', '127.0.0.1', '2018-11-30 18:12:28');
INSERT INTO `sys_log` VALUES ('121', 'admin', '保存角色', 'com.qooence.base.admin.modules.sys.controller.SysRoleController.save()', '{\"roleId\":20,\"roleName\":\"管理员\",\"remark\":\"管理员\",\"createUserId\":1,\"checkes\":\"1,2,4,5,6,7,3,8,9,10,11\",\"menuIdList\":[1,2,4,5,6,7,3,8,9,10,11],\"createTime\":\"Nov 30, 2018 6:14:51 PM\"}', '74', '127.0.0.1', '2018-11-30 18:14:52');
INSERT INTO `sys_log` VALUES ('122', 'admin', '保存角色', 'com.qooence.base.admin.modules.sys.controller.SysRoleController.save()', '{\"roleId\":21,\"roleName\":\"45\",\"remark\":\"45\",\"createUserId\":1,\"checkes\":\"\",\"menuIdList\":[],\"createTime\":\"Nov 30, 2018 6:16:17 PM\"}', '45', '127.0.0.1', '2018-11-30 18:16:18');
INSERT INTO `sys_log` VALUES ('123', 'admin', '保存角色', 'com.qooence.base.admin.modules.sys.controller.SysRoleController.save()', '{\"roleId\":22,\"roleName\":\"67\",\"remark\":\"77\",\"createUserId\":1,\"checkes\":\"\",\"menuIdList\":[],\"createTime\":\"Nov 30, 2018 6:16:25 PM\"}', '62', '127.0.0.1', '2018-11-30 18:16:25');
INSERT INTO `sys_log` VALUES ('124', 'admin', '修改角色', 'com.qooence.base.admin.modules.sys.controller.SysRoleController.update()', '{\"roleId\":21,\"roleName\":\"45\",\"remark\":\"45\",\"createUserId\":1,\"checkes\":\"11\",\"menuIdList\":[1,3,11]}', '70', '127.0.0.1', '2018-11-30 18:16:31');
INSERT INTO `sys_log` VALUES ('125', 'admin', '修改角色', 'com.qooence.base.admin.modules.sys.controller.SysRoleController.update()', '{\"roleId\":22,\"roleName\":\"67\",\"remark\":\"77\",\"createUserId\":1,\"checkes\":\"8\",\"menuIdList\":[1,3,8]}', '38', '127.0.0.1', '2018-11-30 18:16:42');
INSERT INTO `sys_log` VALUES ('126', 'admin', '删除角色', 'com.qooence.base.admin.modules.sys.controller.SysRoleController.delete()', '[21,22]', '222', '127.0.0.1', '2018-11-30 18:19:18');
INSERT INTO `sys_log` VALUES ('127', 'admin', '保存用户', 'com.qooence.base.admin.modules.sys.controller.SysUserController.save()', '{\"userId\":17,\"username\":\"yyzzt\",\"password\":\"3301b1f6585166d8665b3effdba0673a233dee7c560991d8377cbb2f4133adb1\",\"salt\":\"NIvmPeJs91zrcs2VUXzV\",\"name\":\"yiyangzzt\",\"status\":1,\"roleIdList\":[20],\"createUserId\":1,\"createTime\":\"Nov 30, 2018 6:23:32 PM\"}', '222', '127.0.0.1', '2018-11-30 18:23:33');
INSERT INTO `sys_log` VALUES ('128', 'admin', '修改用户', 'com.qooence.base.admin.modules.sys.controller.SysUserController.update()', '{\"userId\":17,\"username\":\"thzzc\",\"password\":\"3301b1f6585166d8665b3effdba0673a233dee7c560991d8377cbb2f4133adb1\",\"salt\":\"NIvmPeJs91zrcs2VUXzV\",\"name\":\"thzzc\",\"status\":1,\"roleIdList\":[19],\"createUserId\":1,\"updateTime\":\"Nov 30, 2018 6:24:03 PM\"}', '101', '127.0.0.1', '2018-11-30 18:24:03');
INSERT INTO `sys_log` VALUES ('129', 'admin', '保存用户', 'com.qooence.base.admin.modules.sys.controller.SysUserController.save()', '{\"userId\":18,\"username\":\"yyzzt\",\"password\":\"65097d79c3cf11bda0dd64e2335b87b74230d2a94dfc0187f6ac6cd7809104b3\",\"salt\":\"0MET9lzBw8SM2kryS9hM\",\"name\":\"yiyangzzt\",\"status\":1,\"roleIdList\":[20],\"createUserId\":1,\"createTime\":\"Nov 30, 2018 6:25:40 PM\"}', '242', '127.0.0.1', '2018-11-30 18:25:41');
INSERT INTO `sys_log` VALUES ('130', 'yyzzt', '删除用户', 'com.qooence.base.admin.modules.sys.controller.SysUserController.delete()', '[18]', '17', '127.0.0.1', '2018-11-30 18:27:20');
INSERT INTO `sys_log` VALUES ('131', 'yyzzt', '删除角色', 'com.qooence.base.admin.modules.sys.controller.SysRoleController.delete()', '[19,20]', '89', '127.0.0.1', '2018-11-30 18:27:38');
INSERT INTO `sys_log` VALUES ('132', 'admin', '保存角色', 'com.qooence.base.admin.modules.sys.controller.SysRoleController.save()', '{\"roleId\":23,\"roleName\":\"管理员\",\"remark\":\"管理员\",\"createUserId\":1,\"checkes\":\"1,2,4,5,6,7,3,8,9,10,11\",\"menuIdList\":[1,2,4,5,6,7,3,8,9,10,11],\"createTime\":\"Nov 30, 2018 6:46:04 PM\"}', '351', '127.0.0.1', '2018-11-30 18:46:05');
INSERT INTO `sys_log` VALUES ('133', 'admin', '保存角色', 'com.qooence.base.admin.modules.sys.controller.SysRoleController.save()', '{\"roleId\":24,\"roleName\":\"用户\",\"remark\":\"用户\",\"createUserId\":1,\"checkes\":\"12,13,14\",\"menuIdList\":[12,13,14],\"createTime\":\"Nov 30, 2018 6:46:20 PM\"}', '86', '127.0.0.1', '2018-11-30 18:46:21');
INSERT INTO `sys_log` VALUES ('134', 'admin', '修改用户', 'com.qooence.base.admin.modules.sys.controller.SysUserController.update()', '{\"userId\":17,\"username\":\"thzzc\",\"password\":\"3301b1f6585166d8665b3effdba0673a233dee7c560991d8377cbb2f4133adb1\",\"salt\":\"NIvmPeJs91zrcs2VUXzV\",\"name\":\"thzzc\",\"status\":1,\"roleIdList\":[24],\"createUserId\":1,\"updateTime\":\"Nov 30, 2018 6:46:36 PM\"}', '87', '127.0.0.1', '2018-11-30 18:46:37');
INSERT INTO `sys_log` VALUES ('135', 'admin', '修改用户', 'com.qooence.base.admin.modules.sys.controller.SysUserController.update()', '{\"userId\":18,\"username\":\"yyzzt\",\"password\":\"65097d79c3cf11bda0dd64e2335b87b74230d2a94dfc0187f6ac6cd7809104b3\",\"salt\":\"0MET9lzBw8SM2kryS9hM\",\"name\":\"yiyangzzt\",\"status\":1,\"roleIdList\":[23],\"createUserId\":1,\"updateTime\":\"Nov 30, 2018 6:46:43 PM\"}', '96', '127.0.0.1', '2018-11-30 18:46:43');
INSERT INTO `sys_log` VALUES ('136', 'admin', '保存用户', 'com.qooence.base.admin.modules.sys.controller.SysUserController.save()', '{\"userId\":19,\"username\":\"qoo\",\"password\":\"de3f9b126ba6adc74d1b7dcc69cccaba7796e9b9e9204fc47984f4ce09130868\",\"salt\":\"j7c9LBa9sI6g90HoprjI\",\"name\":\"QOO\",\"status\":1,\"roleIdList\":[23,24],\"createUserId\":1,\"createTime\":\"Nov 30, 2018 6:47:00 PM\"}', '94', '127.0.0.1', '2018-11-30 18:47:01');
INSERT INTO `sys_log` VALUES ('137', 'admin', '修改角色', 'com.qooence.base.admin.modules.sys.controller.SysRoleController.update()', '{\"roleId\":23,\"roleName\":\"管理员\",\"remark\":\"管理员\",\"createUserId\":1,\"checkes\":\"1,2,4,5,6,7,3,8,9,10,11,13\",\"menuIdList\":[1,2,4,5,6,7,3,8,9,10,11,12,13]}', '543', '127.0.0.1', '2018-11-30 19:16:14');
INSERT INTO `sys_log` VALUES ('138', 'yyzzt', '保存角色', 'com.qooence.base.admin.modules.sys.controller.SysRoleController.save()', '{\"roleId\":25,\"roleName\":\"设备管理员\",\"remark\":\"设备管理员\",\"createUserId\":18,\"checkes\":\"12,13,14\",\"menuIdList\":[12,13,14],\"createTime\":\"Nov 30, 2018 7:17:40 PM\"}', '91', '127.0.0.1', '2018-11-30 19:17:40');
INSERT INTO `sys_log` VALUES ('139', 'yyzzt', '保存用户', 'com.qooence.base.admin.modules.sys.controller.SysUserController.save()', '{\"userId\":20,\"username\":\"device\",\"password\":\"12e665a3ab811883a75b07e4320f5da05e8a67d04e4ea770a1917b0dee9a56c5\",\"salt\":\"QLyWQ8xVUSOx61ESBKrK\",\"name\":\"device\",\"status\":1,\"roleIdList\":[25],\"createUserId\":18,\"createTime\":\"Nov 30, 2018 7:18:31 PM\"}', '149', '127.0.0.1', '2018-11-30 19:18:32');
INSERT INTO `sys_log` VALUES ('140', 'yyzzt', '删除角色', 'com.qooence.base.admin.modules.sys.controller.SysRoleController.delete()', '[25]', '95', '127.0.0.1', '2018-11-30 19:21:36');
INSERT INTO `sys_log` VALUES ('141', 'qoo', '删除用户', 'com.qooence.base.admin.modules.sys.controller.SysUserController.delete()', '[20]', '90', '127.0.0.1', '2018-11-30 19:22:22');
INSERT INTO `sys_log` VALUES ('142', 'admin', '修改角色', 'com.qooence.base.admin.modules.sys.controller.SysRoleController.update()', '{\"roleId\":23,\"roleName\":\"管理员\",\"remark\":\"管理员\",\"createUserId\":1,\"checkes\":\"1,2,4,5,6,7,15,3,8,9,10,11,16,17,18,13\",\"menuIdList\":[1,2,4,5,6,7,15,3,8,9,10,11,16,17,18,12,13]}', '276', '127.0.0.1', '2018-12-02 23:43:48');
INSERT INTO `sys_log` VALUES ('143', 'admin', '保存路由', 'com.qooence.base.admin.modules.sys.controller.SysRouteController.save()', '{\"id\":23,\"pid\":0,\"path\":\"config\",\"name\":\"config\",\"title\":\"参数管理\",\"type\":1,\"componentPath\":\"system/config\",\"icon\":\"_smile\",\"hideInMenu\":0,\"orderNum\":5,\"expand\":true}', '139', '127.0.0.1', '2018-12-03 18:34:29');
INSERT INTO `sys_log` VALUES ('144', 'admin', '保存路由', 'com.qooence.base.admin.modules.sys.controller.SysRouteController.save()', '{\"id\":24,\"pid\":23,\"path\":\"\",\"name\":\"\",\"title\":\"查看\",\"type\":2,\"componentPath\":\"\",\"perms\":\"sys:config:list,sys:config:info\",\"icon\":\"\",\"hideInMenu\":0,\"orderNum\":0,\"expand\":true}', '28', '127.0.0.1', '2018-12-03 18:36:27');
INSERT INTO `sys_log` VALUES ('145', 'admin', '修改路由', 'com.qooence.base.admin.modules.sys.controller.SysRouteController.update()', '{\"id\":24,\"pid\":23,\"title\":\"查看22\",\"type\":2,\"perms\":\"sys:config:list,sys:config:info\",\"hideInMenu\":0,\"orderNum\":0,\"expand\":true}', '5168', '127.0.0.1', '2018-12-03 19:07:47');
INSERT INTO `sys_log` VALUES ('146', 'admin', '修改路由', 'com.qooence.base.admin.modules.sys.controller.SysRouteController.update()', '{\"id\":24,\"pid\":23,\"title\":\"查看\",\"type\":2,\"perms\":\"sys:config:list,sys:config:info\",\"hideInMenu\":0,\"orderNum\":0,\"expand\":true}', '4687', '127.0.0.1', '2018-12-03 19:08:08');
INSERT INTO `sys_log` VALUES ('147', 'admin', '修改路由', 'com.qooence.base.admin.modules.sys.controller.SysRouteController.update()', '{\"id\":24,\"pid\":23,\"title\":\"查看\",\"type\":2,\"perms\":\"sys:config:list,sys:config:info\",\"hideInMenu\":0,\"orderNum\":0,\"expand\":true}', '32', '127.0.0.1', '2018-12-03 19:08:48');
INSERT INTO `sys_log` VALUES ('148', 'admin', '修改路由', 'com.qooence.base.admin.modules.sys.controller.SysRouteController.update()', '{\"id\":23,\"path\":\"config\",\"name\":\"config\",\"title\":\"参数管理\",\"type\":1,\"componentPath\":\"system/config\",\"icon\":\"_smile\",\"hideInMenu\":0,\"orderNum\":5,\"expand\":true}', '34', '127.0.0.1', '2018-12-03 19:09:18');
INSERT INTO `sys_log` VALUES ('149', 'admin', '修改路由', 'com.qooence.base.admin.modules.sys.controller.SysRouteController.update()', '{\"id\":23,\"path\":\"config\",\"name\":\"config\",\"title\":\"参数管理\",\"type\":1,\"componentPath\":\"system/config\",\"icon\":\"_smile\",\"hideInMenu\":0,\"orderNum\":5,\"expand\":true}', '35', '127.0.0.1', '2018-12-03 19:09:46');
INSERT INTO `sys_log` VALUES ('150', 'admin', '修改路由', 'com.qooence.base.admin.modules.sys.controller.SysRouteController.update()', '{\"id\":12,\"pid\":1,\"path\":\"/device\",\"name\":\"device\",\"title\":\"设备管理\",\"type\":0,\"componentPath\":\"Main\",\"icon\":\"ios-book\",\"hideInMenu\":0,\"orderNum\":0,\"expand\":true}', '135', '127.0.0.1', '2018-12-04 09:22:09');
INSERT INTO `sys_log` VALUES ('151', 'admin', '修改路由', 'com.qooence.base.admin.modules.sys.controller.SysRouteController.update()', '{\"id\":23,\"pid\":0,\"path\":\"config\",\"name\":\"config\",\"title\":\"参数管理\",\"type\":1,\"componentPath\":\"system/config\",\"icon\":\"_smile\",\"hideInMenu\":0,\"orderNum\":5,\"expand\":true}', '31', '127.0.0.1', '2018-12-04 09:22:28');
INSERT INTO `sys_log` VALUES ('152', 'admin', '修改路由', 'com.qooence.base.admin.modules.sys.controller.SysRouteController.update()', '{\"id\":23,\"pid\":0,\"path\":\"config\",\"name\":\"config\",\"title\":\"参数管理\",\"type\":0,\"componentPath\":\"system/config\",\"icon\":\"_smile\",\"hideInMenu\":0,\"orderNum\":5,\"expand\":true}', '33', '127.0.0.1', '2018-12-04 09:22:36');
INSERT INTO `sys_log` VALUES ('153', 'admin', '修改路由', 'com.qooence.base.admin.modules.sys.controller.SysRouteController.update()', '{\"id\":23,\"pid\":1,\"path\":\"config\",\"name\":\"config\",\"title\":\"参数管理\",\"type\":0,\"componentPath\":\"system/config\",\"icon\":\"_smile\",\"hideInMenu\":0,\"orderNum\":5,\"expand\":true}', '36', '127.0.0.1', '2018-12-04 09:22:50');
INSERT INTO `sys_log` VALUES ('154', 'admin', '修改路由', 'com.qooence.base.admin.modules.sys.controller.SysRouteController.update()', '{\"id\":23,\"pid\":1,\"path\":\"config\",\"name\":\"config\",\"title\":\"参数管理\",\"type\":1,\"componentPath\":\"system/config\",\"icon\":\"_smile\",\"hideInMenu\":0,\"orderNum\":5,\"expand\":true}', '31', '127.0.0.1', '2018-12-04 09:23:03');
INSERT INTO `sys_log` VALUES ('155', 'admin', '修改路由', 'com.qooence.base.admin.modules.sys.controller.SysRouteController.update()', '{\"id\":23,\"pid\":0,\"path\":\"config\",\"name\":\"config\",\"title\":\"参数管理\",\"type\":0,\"componentPath\":\"system/config\",\"icon\":\"_smile\",\"hideInMenu\":0,\"orderNum\":5,\"expand\":true}', '61', '127.0.0.1', '2018-12-04 09:23:16');
INSERT INTO `sys_log` VALUES ('156', 'admin', '修改路由', 'com.qooence.base.admin.modules.sys.controller.SysRouteController.update()', '{\"id\":12,\"pid\":0,\"path\":\"/device\",\"name\":\"device\",\"title\":\"设备管理\",\"type\":0,\"componentPath\":\"Main\",\"icon\":\"ios-book\",\"hideInMenu\":0,\"orderNum\":0,\"expand\":true}', '44', '127.0.0.1', '2018-12-04 10:02:46');
INSERT INTO `sys_log` VALUES ('157', 'admin', '删除路由', 'com.qooence.base.admin.modules.sys.controller.SysRouteController.delete()', '[21]', '61', '127.0.0.1', '2018-12-04 10:02:55');
INSERT INTO `sys_log` VALUES ('158', 'admin', '删除路由', 'com.qooence.base.admin.modules.sys.controller.SysRouteController.delete()', '[19]', '36898', '127.0.0.1', '2018-12-04 10:06:45');
INSERT INTO `sys_log` VALUES ('159', 'admin', '删除路由', 'com.qooence.base.admin.modules.sys.controller.SysRouteController.delete()', '[13]', '5895', '127.0.0.1', '2018-12-04 10:23:11');
INSERT INTO `sys_log` VALUES ('160', 'admin', '删除路由', 'com.qooence.base.admin.modules.sys.controller.SysRouteController.delete()', '[12,14]', '2771', '127.0.0.1', '2018-12-04 10:23:22');
INSERT INTO `sys_log` VALUES ('161', 'admin', '保存路由', 'com.qooence.base.admin.modules.sys.controller.SysRouteController.save()', '{\"id\":25,\"pid\":0,\"path\":\"multilevel\",\"name\":\"multilevel\",\"title\":\"多级路由展示\",\"type\":0,\"componentPath\":\"multilevel\",\"icon\":\"_bear\",\"hideInMenu\":0,\"orderNum\":7,\"expand\":true}', '207', '127.0.0.1', '2018-12-04 10:31:11');
INSERT INTO `sys_log` VALUES ('162', 'admin', '保存路由', 'com.qooence.base.admin.modules.sys.controller.SysRouteController.save()', '{\"id\":26,\"pid\":25,\"path\":\"level_2_1\",\"name\":\"level_2_1\",\"title\":\"二级一\",\"type\":1,\"componentPath\":\"multilevel/level-2-1\",\"icon\":\"_bear\",\"hideInMenu\":0,\"orderNum\":0,\"expand\":true}', '38', '127.0.0.1', '2018-12-04 10:33:16');
INSERT INTO `sys_log` VALUES ('163', 'admin', '保存路由', 'com.qooence.base.admin.modules.sys.controller.SysRouteController.save()', '{\"id\":27,\"pid\":25,\"path\":\"level_2_2\",\"name\":\"level_2_2\",\"title\":\"二级二\",\"type\":1,\"componentPath\":\"parentView\",\"icon\":\"_bear\",\"hideInMenu\":0,\"orderNum\":1,\"expand\":true}', '32', '127.0.0.1', '2018-12-04 10:36:01');
INSERT INTO `sys_log` VALUES ('164', 'admin', '保存路由', 'com.qooence.base.admin.modules.sys.controller.SysRouteController.save()', '{\"id\":28,\"pid\":27,\"path\":\"level_2_2_1\",\"name\":\"level_2_2_1\",\"title\":\"三级\",\"type\":1,\"componentPath\":\"multilevel/level-2-2/level-3-1\",\"icon\":\"_bear\",\"hideInMenu\":0,\"orderNum\":1,\"expand\":true}', '32', '127.0.0.1', '2018-12-04 10:37:35');
INSERT INTO `sys_log` VALUES ('165', 'admin', '保存路由', 'com.qooence.base.admin.modules.sys.controller.SysRouteController.save()', '{\"id\":29,\"pid\":0,\"path\":\"level_2_2_2\",\"name\":\"level_2_2_2\",\"title\":\"三级二\",\"type\":1,\"componentPath\":\"multilevel/level-2-2/level-3-1\",\"icon\":\"_bear\",\"hideInMenu\":0,\"orderNum\":2,\"expand\":true}', '41', '127.0.0.1', '2018-12-04 10:39:50');
INSERT INTO `sys_log` VALUES ('166', 'admin', '保存路由', 'com.qooence.base.admin.modules.sys.controller.SysRouteController.save()', '{\"id\":30,\"pid\":15,\"path\":\"\",\"name\":\"\",\"title\":\"查看\",\"type\":2,\"componentPath\":\"\",\"perms\":\"sys:route:list,sys:route:info\",\"hideInMenu\":0,\"orderNum\":0,\"expand\":true}', '56', '127.0.0.1', '2018-12-04 10:41:54');
INSERT INTO `sys_log` VALUES ('167', 'admin', '保存路由', 'com.qooence.base.admin.modules.sys.controller.SysRouteController.save()', '{\"id\":31,\"pid\":0,\"path\":\"\",\"name\":\"\",\"title\":\"编辑\",\"type\":2,\"componentPath\":\"\",\"perms\":\"sys:route:update\",\"icon\":\"\",\"hideInMenu\":0,\"orderNum\":2,\"expand\":true}', '40', '127.0.0.1', '2018-12-04 10:43:48');
INSERT INTO `sys_log` VALUES ('168', 'admin', '修改路由', 'com.qooence.base.admin.modules.sys.controller.SysRouteController.update()', '{\"id\":31,\"pid\":15,\"title\":\"编辑\",\"type\":2,\"perms\":\"sys:route:update\",\"hideInMenu\":0,\"orderNum\":2,\"expand\":true}', '43', '127.0.0.1', '2018-12-04 10:44:19');
INSERT INTO `sys_log` VALUES ('169', 'admin', '修改路由', 'com.qooence.base.admin.modules.sys.controller.SysRouteController.update()', '{\"id\":20,\"pid\":15,\"title\":\"新增\",\"type\":2,\"perms\":\"sys:route:save\",\"orderNum\":1,\"expand\":true}', '50', '127.0.0.1', '2018-12-04 10:44:37');
INSERT INTO `sys_log` VALUES ('170', 'admin', '修改路由', 'com.qooence.base.admin.modules.sys.controller.SysRouteController.update()', '{\"id\":22,\"pid\":15,\"title\":\"删除\",\"type\":2,\"perms\":\"sys:route:delete\",\"orderNum\":3,\"expand\":true}', '43', '127.0.0.1', '2018-12-04 10:44:51');
INSERT INTO `sys_log` VALUES ('171', 'admin', '修改路由', 'com.qooence.base.admin.modules.sys.controller.SysRouteController.update()', '{\"id\":29,\"pid\":27,\"path\":\"level_2_2_2\",\"name\":\"level_2_2_2\",\"title\":\"三级二\",\"type\":1,\"componentPath\":\"multilevel/level-2-2/level-3-1\",\"icon\":\"_bear\",\"hideInMenu\":0,\"orderNum\":2,\"expand\":true}', '35', '127.0.0.1', '2018-12-04 10:45:25');
INSERT INTO `sys_log` VALUES ('172', 'admin', '删除路由', 'com.qooence.base.admin.modules.sys.controller.SysRouteController.delete()', '[16,17,18]', '60', '127.0.0.1', '2018-12-04 10:45:54');
INSERT INTO `sys_log` VALUES ('173', 'admin', '修改路由', 'com.qooence.base.admin.modules.sys.controller.SysRouteController.update()', '{\"id\":28,\"pid\":27,\"path\":\"level_2_2_1\",\"name\":\"level_2_2_1\",\"title\":\"三级一\",\"type\":1,\"componentPath\":\"multilevel/level-2-2/level-3-1\",\"icon\":\"_bear\",\"hideInMenu\":0,\"orderNum\":1,\"expand\":true}', '37', '127.0.0.1', '2018-12-04 10:49:08');
INSERT INTO `sys_log` VALUES ('174', 'admin', '保存路由', 'com.qooence.base.admin.modules.sys.controller.SysRouteController.save()', '{\"id\":32,\"pid\":25,\"path\":\"level_2_3\",\"name\":\"level_2_3\",\"title\":\"二级三\",\"type\":1,\"componentPath\":\"multilevel/level-2-3\",\"icon\":\"_bear\",\"hideInMenu\":0,\"orderNum\":2,\"expand\":true}', '32', '127.0.0.1', '2018-12-04 10:50:04');
INSERT INTO `sys_log` VALUES ('175', 'admin', '修改路由', 'com.qooence.base.admin.modules.sys.controller.SysRouteController.update()', '{\"id\":23,\"pid\":1,\"path\":\"config\",\"name\":\"config\",\"title\":\"参数管理\",\"type\":1,\"componentPath\":\"system/config\",\"icon\":\"_smile\",\"hideInMenu\":0,\"orderNum\":5,\"expand\":true}', '38', '127.0.0.1', '2018-12-04 11:01:59');
INSERT INTO `sys_log` VALUES ('176', 'admin', '修改路由', 'com.qooence.base.admin.modules.sys.controller.SysRouteController.update()', '{\"id\":25,\"pid\":0,\"path\":\"/multilevel\",\"name\":\"multilevel\",\"title\":\"多级路由展示\",\"type\":0,\"componentPath\":\"multilevel\",\"icon\":\"_bear\",\"hideInMenu\":0,\"orderNum\":7,\"expand\":true}', '37', '127.0.0.1', '2018-12-04 11:02:58');
INSERT INTO `sys_log` VALUES ('177', 'admin', '删除路由', 'com.qooence.base.admin.modules.sys.controller.SysRouteController.delete()', '[23,24]', '59', '127.0.0.1', '2018-12-04 11:04:22');
INSERT INTO `sys_log` VALUES ('178', 'admin', '修改路由', 'com.qooence.base.admin.modules.sys.controller.SysRouteController.update()', '{\"id\":15,\"pid\":1,\"path\":\"route\",\"name\":\"route\",\"title\":\"菜单管理\",\"type\":1,\"componentPath\":\"system/route\",\"icon\":\"ios-book\",\"hideInMenu\":0,\"orderNum\":3,\"expand\":true}', '40', '127.0.0.1', '2018-12-04 11:07:15');
INSERT INTO `sys_log` VALUES ('179', 'admin', '保存路由', 'com.qooence.base.admin.modules.sys.controller.SysRouteController.save()', '{\"id\":33,\"pid\":1,\"path\":\"log\",\"name\":\"log\",\"title\":\"系统日志\",\"type\":1,\"componentPath\":\"system/log\",\"icon\":\"_frown\",\"hideInMenu\":0,\"orderNum\":4,\"expand\":true}', '81', '127.0.0.1', '2018-12-04 11:18:42');
INSERT INTO `sys_log` VALUES ('180', 'admin', '修改角色', 'com.qooence.base.admin.modules.sys.controller.SysRoleController.update()', '{\"roleId\":23,\"roleName\":\"管理员\",\"remark\":\"管理员\",\"createUserId\":1,\"checkes\":\"1,2,4,5,6,7,3,8,9,10,11,15,30,20,31,22,33\",\"menuIdList\":[1,2,4,5,6,7,3,8,9,10,11,15,30,20,31,22,33]}', '256', '127.0.0.1', '2018-12-04 13:37:51');
INSERT INTO `sys_log` VALUES ('181', 'admin', '修改角色', 'com.qooence.base.admin.modules.sys.controller.SysRoleController.update()', '{\"roleId\":24,\"roleName\":\"用户\",\"remark\":\"用户\",\"createUserId\":1,\"checkes\":\"25,26,27,28,29,32\",\"menuIdList\":[25,26,27,28,29,32]}', '68', '127.0.0.1', '2018-12-04 13:38:01');
INSERT INTO `sys_log` VALUES ('182', 'admin', '保存路由', 'com.qooence.base.admin.modules.sys.controller.SysRouteController.save()', '{\"id\":34,\"pid\":25,\"path\":\"er-4\",\"name\":\"er-4\",\"title\":\"二级四\",\"type\":1,\"componentPath\":\"sytem/er-4\",\"icon\":\"_smile\",\"hideInMenu\":0,\"orderNum\":7,\"expand\":true}', '55', '127.0.0.1', '2018-12-04 13:39:57');
INSERT INTO `sys_log` VALUES ('183', 'admin', '修改角色', 'com.qooence.base.admin.modules.sys.controller.SysRoleController.update()', '{\"roleId\":24,\"roleName\":\"用户\",\"remark\":\"用户\",\"createUserId\":1,\"checkes\":\"25,26,27,28,29,32,34\",\"menuIdList\":[25,26,27,28,29,32,34]}', '67', '127.0.0.1', '2018-12-04 13:40:30');
INSERT INTO `sys_log` VALUES ('184', 'admin', '修改角色', 'com.qooence.base.admin.modules.sys.controller.SysRoleController.update()', '{\"roleId\":23,\"roleName\":\"管理员\",\"remark\":\"管理员\",\"createUserId\":1,\"checkes\":\"1,2,4,5,6,7,3,8,9,10,11,15,30,20,31,22,33,34\",\"menuIdList\":[1,2,4,5,6,7,3,8,9,10,11,15,30,20,31,22,33,25,34]}', '66', '127.0.0.1', '2018-12-04 13:42:00');
INSERT INTO `sys_log` VALUES ('185', 'admin', '保存路由', 'com.qooence.base.admin.modules.sys.controller.SysRouteController.save()', '{\"id\":35,\"pid\":25,\"path\":\"er-5\",\"name\":\"er-5\",\"title\":\"二级五\",\"type\":1,\"componentPath\":\"system/er-5\",\"icon\":\"_frown\",\"hideInMenu\":0,\"orderNum\":8,\"expand\":true}', '34', '127.0.0.1', '2018-12-04 13:43:30');
INSERT INTO `sys_log` VALUES ('186', 'admin', '修改角色', 'com.qooence.base.admin.modules.sys.controller.SysRoleController.update()', '{\"roleId\":24,\"roleName\":\"用户\",\"remark\":\"用户\",\"createUserId\":1,\"checkes\":\"25,26,27,28,29,32,34,35\",\"menuIdList\":[25,26,27,28,29,32,34,35]}', '65', '127.0.0.1', '2018-12-04 13:43:51');
INSERT INTO `sys_log` VALUES ('187', 'admin', '删除路由', 'com.qooence.base.admin.modules.sys.controller.SysRouteController.delete()', '[34]', '97', '127.0.0.1', '2018-12-04 14:29:14');
INSERT INTO `sys_log` VALUES ('188', 'admin', '删除路由', 'com.qooence.base.admin.modules.sys.controller.SysRouteController.delete()', '[35]', '77', '127.0.0.1', '2018-12-04 14:30:08');
INSERT INTO `sys_log` VALUES ('189', 'admin', '修改路由', 'com.qooence.base.admin.modules.sys.controller.SysRouteController.update()', '{\"id\":33,\"pid\":1,\"path\":\"log\",\"name\":\"log\",\"title\":\"系统日志\",\"type\":1,\"componentPath\":\"system/log\",\"perms\":\"sys:log:list\",\"icon\":\"_frown\",\"hideInMenu\":0,\"orderNum\":4,\"expand\":true}', '285', '127.0.0.1', '2018-12-04 16:29:10');
INSERT INTO `sys_log` VALUES ('190', 'admin', '修改路由', 'com.qooence.base.admin.modules.sys.controller.SysRouteController.update()', '{\"id\":32,\"pid\":25,\"path\":\"level_2_3\",\"name\":\"level_2_3\",\"title\":\"二级三\",\"type\":1,\"componentPath\":\"http://baidu.com\",\"icon\":\"_bear\",\"hideInMenu\":0,\"orderNum\":2,\"expand\":true}', '218', '127.0.0.1', '2018-12-04 17:23:02');
INSERT INTO `sys_log` VALUES ('191', 'admin', '修改路由', 'com.qooence.base.admin.modules.sys.controller.SysRouteController.update()', '{\"id\":32,\"pid\":25,\"path\":\"level_2_3\",\"name\":\"level_2_3\",\"title\":\"二级三\",\"type\":1,\"componentPath\":\"multilevel/level-2-3\",\"icon\":\"_bear\",\"hideInMenu\":0,\"orderNum\":2,\"expand\":true}', '38', '127.0.0.1', '2018-12-04 17:38:25');
INSERT INTO `sys_log` VALUES ('192', 'admin', '保存路由', 'com.qooence.base.admin.modules.sys.controller.SysRouteController.save()', '{\"id\":34,\"pid\":0,\"path\":\"/device\",\"name\":\"device\",\"title\":\"设备管理\",\"type\":0,\"componentPath\":\"Main\",\"icon\":\"_woman\",\"hideInMenu\":0,\"orderNum\":1,\"expand\":true}', '176', '127.0.0.1', '2018-12-05 17:28:41');
INSERT INTO `sys_log` VALUES ('193', 'admin', '保存路由', 'com.qooence.base.admin.modules.sys.controller.SysRouteController.save()', '{\"id\":35,\"pid\":34,\"path\":\"device\",\"name\":\"device\",\"title\":\"设备管理\",\"type\":1,\"componentPath\":\"device/device\",\"icon\":\"_man\",\"hideInMenu\":0,\"orderNum\":1,\"expand\":true}', '79', '127.0.0.1', '2018-12-05 17:30:23');
INSERT INTO `sys_log` VALUES ('194', 'admin', '保存路由', 'com.qooence.base.admin.modules.sys.controller.SysRouteController.save()', '{\"id\":36,\"pid\":34,\"path\":\"remote\",\"name\":\"remote\",\"title\":\"遥控器管理\",\"type\":1,\"componentPath\":\"device/remote\",\"icon\":\"_woman\",\"hideInMenu\":0,\"orderNum\":2,\"expand\":true}', '50', '127.0.0.1', '2018-12-05 17:32:03');
INSERT INTO `sys_log` VALUES ('195', 'admin', '保存路由', 'com.qooence.base.admin.modules.sys.controller.SysRouteController.save()', '{\"id\":37,\"pid\":34,\"path\":\"sensor\",\"name\":\"sensor\",\"title\":\"配件管理\",\"type\":1,\"componentPath\":\"device/sensor\",\"icon\":\"_man\",\"hideInMenu\":0,\"orderNum\":3,\"expand\":true}', '47', '127.0.0.1', '2018-12-05 17:32:53');
INSERT INTO `sys_log` VALUES ('196', 'admin', '保存路由', 'com.qooence.base.admin.modules.sys.controller.SysRouteController.save()', '{\"id\":38,\"pid\":34,\"path\":\"zone\",\"name\":\"zone\",\"title\":\"防区管理\",\"type\":1,\"componentPath\":\"device/zone\",\"icon\":\"_man\",\"hideInMenu\":0,\"orderNum\":4,\"expand\":true}', '41', '127.0.0.1', '2018-12-05 17:33:50');
INSERT INTO `sys_log` VALUES ('197', 'admin', '修改路由', 'com.qooence.base.admin.modules.sys.controller.SysRouteController.update()', '{\"id\":35,\"pid\":34,\"path\":\"device\",\"name\":\"device\",\"title\":\"设备管理\",\"type\":1,\"componentPath\":\"device/device\",\"perms\":\"device:device:list,device:device:info\",\"icon\":\"_man\",\"hideInMenu\":0,\"orderNum\":1,\"expand\":true}', '60', '127.0.0.1', '2018-12-05 17:36:22');
INSERT INTO `sys_log` VALUES ('198', 'admin', '修改路由', 'com.qooence.base.admin.modules.sys.controller.SysRouteController.update()', '{\"id\":35,\"pid\":34,\"path\":\"device1\",\"name\":\"device1\",\"title\":\"设备管理\",\"type\":1,\"componentPath\":\"device/device\",\"perms\":\"device:device:list,device:device:info\",\"icon\":\"_man\",\"hideInMenu\":0,\"orderNum\":1,\"expand\":true}', '47', '127.0.0.1', '2018-12-05 17:41:44');
INSERT INTO `sys_log` VALUES ('199', 'admin', '修改路由', 'com.qooence.base.admin.modules.sys.controller.SysRouteController.update()', '{\"id\":1,\"pid\":0,\"path\":\"/system\",\"name\":\"system\",\"title\":\"系统管理\",\"type\":0,\"componentPath\":\"Main\",\"icon\":\"ios-book\",\"hideInMenu\":0,\"orderNum\":6,\"expand\":true}', '248', '127.0.0.1', '2018-12-05 19:14:53');
INSERT INTO `sys_log` VALUES ('200', 'admin', '修改路由', 'com.qooence.base.admin.modules.sys.controller.SysRouteController.update()', '{\"id\":36,\"pid\":34,\"path\":\"remote\",\"name\":\"remote\",\"title\":\"遥控器管理\",\"type\":1,\"componentPath\":\"facility/remote\",\"perms\":\"facility:remote:list,facility:remote:info\",\"icon\":\"_woman\",\"hideInMenu\":0,\"orderNum\":2,\"expand\":true}', '31', '127.0.0.1', '2018-12-05 19:15:40');
INSERT INTO `sys_log` VALUES ('201', 'admin', '保存路由', 'com.qooence.base.admin.modules.sys.controller.SysRouteController.save()', '{\"id\":39,\"pid\":1,\"path\":\"dict\",\"name\":\"dict\",\"title\":\"字典管理\",\"type\":1,\"componentPath\":\"system/dict\",\"icon\":\"_bear\",\"hideInMenu\":0,\"orderNum\":4,\"expand\":true}', '176', '127.0.0.1', '2018-12-06 10:04:28');
INSERT INTO `sys_log` VALUES ('202', 'admin', '修改路由', 'com.qooence.base.admin.modules.sys.controller.SysRouteController.update()', '{\"id\":33,\"pid\":1,\"path\":\"log\",\"name\":\"log\",\"title\":\"系统日志\",\"type\":1,\"componentPath\":\"system/log\",\"perms\":\"sys:log:list\",\"icon\":\"_frown\",\"hideInMenu\":0,\"orderNum\":5,\"expand\":true}', '43', '127.0.0.1', '2018-12-06 10:04:49');
INSERT INTO `sys_log` VALUES ('203', 'admin', '保存路由', 'com.qooence.base.admin.modules.sys.controller.SysRouteController.save()', '{\"id\":40,\"pid\":39,\"path\":\"\",\"name\":\"\",\"title\":\"查看\",\"type\":2,\"componentPath\":\"\",\"perms\":\"sys:dict:list,sys:dict:info\",\"hideInMenu\":0,\"orderNum\":1,\"expand\":true}', '35', '127.0.0.1', '2018-12-06 10:05:44');
INSERT INTO `sys_log` VALUES ('204', 'admin', '修改路由', 'com.qooence.base.admin.modules.sys.controller.SysRouteController.update()', '{\"id\":39,\"pid\":1,\"path\":\"dict\",\"name\":\"dict\",\"title\":\"字典管理\",\"type\":1,\"componentPath\":\"system/dict\",\"perms\":\"sys:dict:list\",\"icon\":\"_bear\",\"hideInMenu\":0,\"orderNum\":4,\"expand\":true}', '35', '127.0.0.1', '2018-12-06 10:06:35');
INSERT INTO `sys_log` VALUES ('205', 'admin', '修改路由', 'com.qooence.base.admin.modules.sys.controller.SysRouteController.update()', '{\"id\":40,\"pid\":39,\"title\":\"详情\",\"type\":2,\"perms\":\"sys:dict:info\",\"hideInMenu\":0,\"orderNum\":1,\"expand\":true}', '32', '127.0.0.1', '2018-12-06 10:07:07');
INSERT INTO `sys_log` VALUES ('206', 'admin', '保存路由', 'com.qooence.base.admin.modules.sys.controller.SysRouteController.save()', '{\"id\":41,\"pid\":39,\"path\":\"\",\"title\":\"新增\",\"type\":2,\"perms\":\"sys:dict:save\",\"hideInMenu\":0,\"orderNum\":0,\"expand\":true}', '37', '127.0.0.1', '2018-12-06 10:08:25');
INSERT INTO `sys_log` VALUES ('207', 'admin', '修改路由', 'com.qooence.base.admin.modules.sys.controller.SysRouteController.update()', '{\"id\":40,\"pid\":39,\"title\":\"详情\",\"type\":2,\"perms\":\"sys:dict:info\",\"hideInMenu\":0,\"orderNum\":2,\"expand\":true}', '30', '127.0.0.1', '2018-12-06 10:08:42');
INSERT INTO `sys_log` VALUES ('208', 'admin', '保存路由', 'com.qooence.base.admin.modules.sys.controller.SysRouteController.save()', '{\"id\":42,\"pid\":0,\"path\":\"\",\"title\":\"修改\",\"type\":2,\"perms\":\"sys:dict:info,sys:dict:update\",\"hideInMenu\":0,\"orderNum\":1,\"expand\":true}', '27', '127.0.0.1', '2018-12-06 10:10:13');
INSERT INTO `sys_log` VALUES ('209', 'admin', '修改路由', 'com.qooence.base.admin.modules.sys.controller.SysRouteController.update()', '{\"id\":42,\"pid\":39,\"title\":\"修改\",\"type\":2,\"perms\":\"sys:dict:info,sys:dict:update\",\"hideInMenu\":0,\"orderNum\":1,\"expand\":true}', '38', '127.0.0.1', '2018-12-06 10:10:27');
INSERT INTO `sys_log` VALUES ('210', 'admin', '保存路由', 'com.qooence.base.admin.modules.sys.controller.SysRouteController.save()', '{\"id\":43,\"pid\":39,\"path\":\"\",\"title\":\"删除\",\"type\":2,\"perms\":\"sys:dict:delete\",\"hideInMenu\":0,\"orderNum\":3,\"expand\":true}', '36', '127.0.0.1', '2018-12-06 10:12:01');
INSERT INTO `sys_log` VALUES ('211', 'admin', '修改路由', 'com.qooence.base.admin.modules.sys.controller.SysRouteController.update()', '{\"id\":40,\"pid\":39,\"title\":\"详情\",\"type\":2,\"perms\":\"sys:dict:info\",\"hideInMenu\":0,\"orderNum\":3,\"expand\":true}', '31', '127.0.0.1', '2018-12-06 10:12:47');
INSERT INTO `sys_log` VALUES ('212', 'admin', '修改路由', 'com.qooence.base.admin.modules.sys.controller.SysRouteController.update()', '{\"id\":43,\"pid\":39,\"title\":\"删除\",\"type\":2,\"perms\":\"sys:dict:delete\",\"hideInMenu\":0,\"orderNum\":2,\"expand\":true}', '28', '127.0.0.1', '2018-12-06 10:13:03');
INSERT INTO `sys_log` VALUES ('213', 'admin', '修改角色', 'com.qooence.base.admin.modules.sys.controller.SysRoleController.update()', '{\"roleId\":23,\"roleName\":\"管理员\",\"remark\":\"管理员\",\"createUserId\":1,\"checkes\":\"1,2,5,6,7,4,3,9,10,11,8,15,20,31,22,30,39,41,42,43,40,33\",\"menuIdList\":[1,2,5,6,7,4,3,9,10,11,8,15,20,31,22,30,39,41,42,43,40,33]}', '186', '127.0.0.1', '2018-12-06 10:29:40');
INSERT INTO `sys_log` VALUES ('214', 'admin', '修改角色', 'com.qooence.base.admin.modules.sys.controller.SysRoleController.update()', '{\"roleId\":24,\"roleName\":\"用户\",\"remark\":\"用户\",\"createUserId\":1,\"checkes\":\"34,35,36,37,38\",\"menuIdList\":[34,35,36,37,38]}', '43', '127.0.0.1', '2018-12-06 10:29:55');
INSERT INTO `sys_log` VALUES ('215', 'admin', '保存路由', 'com.qooence.base.admin.modules.sys.controller.SysRouteController.save()', '{\"id\":44,\"pid\":2,\"path\":\"\",\"name\":\"\",\"title\":\"列表\",\"type\":2,\"componentPath\":\"\",\"perms\":\"sys:user:list\",\"icon\":\"\",\"hideInMenu\":0,\"orderNum\":0,\"expand\":true}', '45', '127.0.0.1', '2018-12-06 10:37:31');
INSERT INTO `sys_log` VALUES ('216', 'admin', '修改路由', 'com.qooence.base.admin.modules.sys.controller.SysRouteController.update()', '{\"id\":5,\"pid\":2,\"title\":\"新增\",\"type\":2,\"perms\":\"sys:user:save,sys:user:info\",\"orderNum\":1,\"expand\":true}', '29', '127.0.0.1', '2018-12-06 10:37:53');
INSERT INTO `sys_log` VALUES ('217', 'admin', '修改路由', 'com.qooence.base.admin.modules.sys.controller.SysRouteController.update()', '{\"id\":4,\"pid\":2,\"title\":\"详情\",\"type\":2,\"perms\":\"sys:user:info\",\"orderNum\":4,\"expand\":true}', '35', '127.0.0.1', '2018-12-06 10:38:16');
INSERT INTO `sys_log` VALUES ('218', 'admin', '修改路由', 'com.qooence.base.admin.modules.sys.controller.SysRouteController.update()', '{\"id\":7,\"pid\":2,\"title\":\"删除\",\"type\":2,\"perms\":\"sys:user:delete\",\"orderNum\":3,\"expand\":true}', '25', '127.0.0.1', '2018-12-06 10:38:29');
INSERT INTO `sys_log` VALUES ('219', 'admin', '修改路由', 'com.qooence.base.admin.modules.sys.controller.SysRouteController.update()', '{\"id\":6,\"pid\":2,\"title\":\"修改\",\"type\":2,\"perms\":\"sys:user:update\",\"orderNum\":2,\"expand\":true}', '41', '127.0.0.1', '2018-12-06 10:38:42');
INSERT INTO `sys_log` VALUES ('220', 'admin', '修改路由', 'com.qooence.base.admin.modules.sys.controller.SysRouteController.update()', '{\"id\":2,\"pid\":1,\"path\":\"user\",\"name\":\"user\",\"title\":\"用户管理\",\"type\":1,\"componentPath\":\"system/user\",\"perms\":\"\",\"icon\":\"ios-book\",\"hideInMenu\":0,\"orderNum\":1,\"expand\":true}', '51', '127.0.0.1', '2018-12-06 10:38:57');
INSERT INTO `sys_log` VALUES ('221', 'admin', '修改路由', 'com.qooence.base.admin.modules.sys.controller.SysRouteController.update()', '{\"id\":2,\"pid\":1,\"path\":\"user\",\"name\":\"user\",\"title\":\"用户管理\",\"type\":1,\"componentPath\":\"system/user\",\"perms\":\"\",\"icon\":\"ios-book\",\"hideInMenu\":0,\"orderNum\":1,\"expand\":true}', '36', '127.0.0.1', '2018-12-06 10:39:25');
INSERT INTO `sys_log` VALUES ('222', 'admin', '修改路由', 'com.qooence.base.admin.modules.sys.controller.SysRouteController.update()', '{\"id\":2,\"pid\":1,\"path\":\"user\",\"name\":\"user\",\"title\":\"用户管理\",\"type\":1,\"componentPath\":\"system/user\",\"perms\":\"\",\"icon\":\"ios-book\",\"hideInMenu\":0,\"orderNum\":1,\"expand\":true}', '155', '127.0.0.1', '2018-12-06 10:50:27');
INSERT INTO `sys_log` VALUES ('223', 'admin', '修改路由', 'com.qooence.base.admin.modules.sys.controller.SysRouteController.update()', '{\"id\":2,\"pid\":1,\"path\":\"user\",\"name\":\"user\",\"title\":\"用户管理\",\"type\":1,\"componentPath\":\"system/user\",\"perms\":\"123\",\"icon\":\"ios-book\",\"hideInMenu\":0,\"orderNum\":1,\"expand\":true}', '141', '127.0.0.1', '2018-12-06 10:55:06');
INSERT INTO `sys_log` VALUES ('224', 'admin', '修改路由', 'com.qooence.base.admin.modules.sys.controller.SysRouteController.update()', '{\"id\":2,\"pid\":1,\"path\":\"user\",\"name\":\"user\",\"title\":\"用户管理\",\"type\":1,\"componentPath\":\"system/user\",\"perms\":\"\",\"icon\":\"ios-book\",\"hideInMenu\":0,\"orderNum\":1,\"expand\":true}', '45', '127.0.0.1', '2018-12-06 10:55:18');
INSERT INTO `sys_log` VALUES ('225', 'admin', '保存路由', 'com.qooence.base.admin.modules.sys.controller.SysRouteController.save()', '{\"id\":45,\"pid\":3,\"path\":\"\",\"name\":\"\",\"title\":\"列表\",\"type\":2,\"componentPath\":\"\",\"perms\":\"sys:role:list\",\"hideInMenu\":0,\"orderNum\":0,\"expand\":true}', '39', '127.0.0.1', '2018-12-06 10:56:34');
INSERT INTO `sys_log` VALUES ('226', 'admin', '修改路由', 'com.qooence.base.admin.modules.sys.controller.SysRouteController.update()', '{\"id\":3,\"pid\":1,\"path\":\"role\",\"name\":\"role\",\"title\":\"角色管理\",\"type\":1,\"componentPath\":\"system/role\",\"perms\":\"\",\"icon\":\"ios-book\",\"hideInMenu\":0,\"orderNum\":2,\"expand\":true}', '32', '127.0.0.1', '2018-12-06 10:56:52');
INSERT INTO `sys_log` VALUES ('227', 'admin', '保存路由', 'com.qooence.base.admin.modules.sys.controller.SysRouteController.save()', '{\"id\":46,\"pid\":15,\"path\":\"\",\"title\":\"列表\",\"type\":2,\"perms\":\"sys:route:list\",\"hideInMenu\":0,\"orderNum\":0,\"expand\":true}', '48', '127.0.0.1', '2018-12-06 10:57:36');
INSERT INTO `sys_log` VALUES ('228', 'admin', '修改路由', 'com.qooence.base.admin.modules.sys.controller.SysRouteController.update()', '{\"id\":15,\"pid\":1,\"path\":\"route\",\"name\":\"route\",\"title\":\"菜单管理\",\"type\":1,\"componentPath\":\"system/route\",\"perms\":\"\",\"icon\":\"ios-book\",\"hideInMenu\":0,\"orderNum\":3,\"expand\":true}', '59', '127.0.0.1', '2018-12-06 10:57:52');
INSERT INTO `sys_log` VALUES ('229', 'admin', '保存路由', 'com.qooence.base.admin.modules.sys.controller.SysRouteController.save()', '{\"id\":47,\"pid\":39,\"path\":\"\",\"title\":\"列表\",\"type\":2,\"perms\":\"sys:dict:list\",\"hideInMenu\":0,\"orderNum\":0,\"expand\":true}', '55', '127.0.0.1', '2018-12-06 10:58:34');
INSERT INTO `sys_log` VALUES ('230', 'admin', '修改路由', 'com.qooence.base.admin.modules.sys.controller.SysRouteController.update()', '{\"id\":39,\"pid\":1,\"path\":\"dict\",\"name\":\"dict\",\"title\":\"字典管理\",\"type\":1,\"componentPath\":\"system/dict\",\"perms\":\"\",\"icon\":\"_bear\",\"hideInMenu\":0,\"orderNum\":4,\"expand\":true}', '34', '127.0.0.1', '2018-12-06 10:58:56');
INSERT INTO `sys_log` VALUES ('231', 'admin', '保存路由', 'com.qooence.base.admin.modules.sys.controller.SysRouteController.save()', '{\"id\":48,\"pid\":35,\"path\":\"\",\"title\":\"列表\",\"type\":2,\"perms\":\"facility:device:list\",\"hideInMenu\":0,\"orderNum\":0,\"expand\":true}', '33', '127.0.0.1', '2018-12-06 10:59:57');
INSERT INTO `sys_log` VALUES ('232', 'admin', '修改路由', 'com.qooence.base.admin.modules.sys.controller.SysRouteController.update()', '{\"id\":35,\"pid\":34,\"path\":\"device\",\"name\":\"device\",\"title\":\"设备管理\",\"type\":1,\"componentPath\":\"facility/device\",\"perms\":\"\",\"icon\":\"_man\",\"hideInMenu\":0,\"orderNum\":1,\"expand\":true}', '35', '127.0.0.1', '2018-12-06 11:00:10');
INSERT INTO `sys_log` VALUES ('233', 'admin', '保存路由', 'com.qooence.base.admin.modules.sys.controller.SysRouteController.save()', '{\"id\":49,\"pid\":36,\"path\":\"\",\"title\":\"列表\",\"type\":2,\"perms\":\"facility:remote:list\",\"hideInMenu\":0,\"orderNum\":0,\"expand\":true}', '38', '127.0.0.1', '2018-12-06 11:00:46');
INSERT INTO `sys_log` VALUES ('234', 'admin', '修改路由', 'com.qooence.base.admin.modules.sys.controller.SysRouteController.update()', '{\"id\":36,\"pid\":34,\"path\":\"remote\",\"name\":\"remote\",\"title\":\"遥控器管理\",\"type\":1,\"componentPath\":\"facility/remote\",\"perms\":\"\",\"icon\":\"_woman\",\"hideInMenu\":0,\"orderNum\":2,\"expand\":true}', '28', '127.0.0.1', '2018-12-06 11:01:13');
INSERT INTO `sys_log` VALUES ('235', 'admin', '保存路由', 'com.qooence.base.admin.modules.sys.controller.SysRouteController.save()', '{\"id\":50,\"pid\":37,\"path\":\"\",\"title\":\"列表\",\"type\":2,\"perms\":\"facility:sensor:list\",\"hideInMenu\":0,\"orderNum\":0,\"expand\":true}', '43', '127.0.0.1', '2018-12-06 11:01:52');
INSERT INTO `sys_log` VALUES ('236', 'admin', '修改路由', 'com.qooence.base.admin.modules.sys.controller.SysRouteController.update()', '{\"id\":37,\"pid\":34,\"path\":\"sensor\",\"name\":\"sensor\",\"title\":\"配件管理\",\"type\":1,\"componentPath\":\"facility/sensor\",\"perms\":\"\",\"icon\":\"_man\",\"hideInMenu\":0,\"orderNum\":3,\"expand\":true}', '32', '127.0.0.1', '2018-12-06 11:02:10');
INSERT INTO `sys_log` VALUES ('237', 'admin', '保存路由', 'com.qooence.base.admin.modules.sys.controller.SysRouteController.save()', '{\"id\":51,\"pid\":38,\"path\":\"\",\"title\":\"列表\",\"type\":2,\"perms\":\"facility:zone:list\",\"hideInMenu\":0,\"orderNum\":0,\"expand\":true}', '40', '127.0.0.1', '2018-12-06 11:02:45');
INSERT INTO `sys_log` VALUES ('238', 'admin', '修改路由', 'com.qooence.base.admin.modules.sys.controller.SysRouteController.update()', '{\"id\":38,\"pid\":34,\"path\":\"zone\",\"name\":\"zone\",\"title\":\"防区管理\",\"type\":1,\"componentPath\":\"facility/zone\",\"perms\":\"\",\"icon\":\"_man\",\"hideInMenu\":0,\"orderNum\":4,\"expand\":true}', '44', '127.0.0.1', '2018-12-06 11:02:56');
INSERT INTO `sys_log` VALUES ('239', 'admin', '保存字典', 'com.qooence.base.admin.modules.sys.controller.SysDictController.save()', '{\"id\":44,\"code\":\"test\",\"pCode\":\"0\",\"seq\":0,\"name\":\"测试\",\"description\":\"\"}', '734', '127.0.0.1', '2018-12-06 16:39:17');
INSERT INTO `sys_log` VALUES ('240', 'admin', '保存字典', 'com.qooence.base.admin.modules.sys.controller.SysDictController.save()', '{\"id\":45,\"code\":\"stset\",\"pCode\":\"test\",\"seq\":0,\"name\":\"下级\",\"description\":\"ee\"}', '29', '127.0.0.1', '2018-12-06 16:39:53');
INSERT INTO `sys_log` VALUES ('241', 'admin', '保存字典', 'com.qooence.base.admin.modules.sys.controller.SysDictController.save()', '{\"id\":46,\"code\":\"21321\",\"pCode\":\"test\",\"seq\":4,\"name\":\"323333\",\"description\":\"13213\"}', '704', '127.0.0.1', '2018-12-07 10:16:09');
INSERT INTO `sys_log` VALUES ('242', 'admin', '修改字典', 'com.qooence.base.admin.modules.sys.controller.SysDictController.update()', '{\"id\":45,\"code\":\"stset44\",\"pCode\":\"test\",\"seq\":2,\"name\":\"下级\",\"description\":\"ee\"}', '149', '127.0.0.1', '2018-12-07 10:17:15');
INSERT INTO `sys_log` VALUES ('243', 'admin', '修改字典', 'com.qooence.base.admin.modules.sys.controller.SysDictController.update()', '{\"id\":44,\"code\":\"test\",\"pCode\":\"0\",\"seq\":2,\"name\":\"测试\",\"description\":\"222\"}', '502', '127.0.0.1', '2018-12-07 10:53:41');
INSERT INTO `sys_log` VALUES ('244', 'admin', '修改字典', 'com.qooence.base.admin.modules.sys.controller.SysDictController.update()', '{\"id\":6,\"code\":\"11000\",\"pCode\":\"0\",\"seq\":2,\"name\":\"科室\",\"description\":\"可是\"}', '624', '127.0.0.1', '2018-12-07 11:11:57');
INSERT INTO `sys_log` VALUES ('245', 'admin', '修改字典', 'com.qooence.base.admin.modules.sys.controller.SysDictController.update()', '{\"id\":44,\"code\":\"16000\",\"pCode\":\"0\",\"seq\":2,\"name\":\"测试\",\"description\":\"222\"}', '49', '127.0.0.1', '2018-12-07 11:12:19');
INSERT INTO `sys_log` VALUES ('246', 'admin', '修改字典', 'com.qooence.base.admin.modules.sys.controller.SysDictController.update()', '{\"id\":44,\"code\":\"ts\",\"pCode\":\"0\",\"seq\":2,\"name\":\"测试\",\"description\":\"222\"}', '567', '127.0.0.1', '2018-12-07 11:16:57');
INSERT INTO `sys_log` VALUES ('247', 'admin', '修改字典', 'com.qooence.base.admin.modules.sys.controller.SysDictController.update()', '{\"id\":44,\"code\":\"tset\",\"pCode\":\"0\",\"seq\":2,\"name\":\"测试\",\"description\":\"222\"}', '46868', '127.0.0.1', '2018-12-07 11:19:07');
INSERT INTO `sys_log` VALUES ('248', 'admin', '修改字典', 'com.qooence.base.admin.modules.sys.controller.SysDictController.update()', '{\"id\":44,\"code\":\"err\",\"pCode\":\"0\",\"seq\":2,\"name\":\"测试\",\"description\":\"222\"}', '582', '127.0.0.1', '2018-12-07 11:20:24');
INSERT INTO `sys_log` VALUES ('249', 'admin', '修改字典', 'com.qooence.base.admin.modules.sys.controller.SysDictController.update()', '{\"id\":45,\"code\":\"err3\",\"pCode\":\"err\",\"seq\":2,\"name\":\"下级\",\"description\":\"ee\"}', '46', '127.0.0.1', '2018-12-07 11:20:38');
INSERT INTO `sys_log` VALUES ('250', 'admin', '修改字典', 'com.qooence.base.admin.modules.sys.controller.SysDictController.update()', '{\"id\":46,\"code\":\"err4\",\"pCode\":\"err\",\"seq\":4,\"name\":\"323333\",\"description\":\"13213\"}', '62', '127.0.0.1', '2018-12-07 11:20:47');
INSERT INTO `sys_log` VALUES ('251', 'admin', '保存字典', 'com.qooence.base.admin.modules.sys.controller.SysDictController.save()', '{\"id\":47,\"code\":\"123\",\"pCode\":\"0\",\"seq\":0,\"name\":\"tettttt\",\"description\":\"213123\"}', '482', '127.0.0.1', '2018-12-07 11:29:28');
INSERT INTO `sys_log` VALUES ('252', 'admin', '保存字典', 'com.qooence.base.admin.modules.sys.controller.SysDictController.save()', '{\"id\":48,\"code\":\"454\",\"pCode\":\"123\",\"seq\":0,\"name\":\"545\",\"description\":\"rt\"}', '28', '127.0.0.1', '2018-12-07 11:29:43');
INSERT INTO `sys_log` VALUES ('253', 'admin', '修改字典', 'com.qooence.base.admin.modules.sys.controller.SysDictController.update()', '{\"id\":47,\"code\":\"555\",\"pCode\":\"0\",\"seq\":0,\"name\":\"tettttt\",\"description\":\"213123\"}', '50', '127.0.0.1', '2018-12-07 11:29:54');
INSERT INTO `sys_log` VALUES ('254', 'admin', '删除字典', 'com.qooence.base.admin.modules.sys.controller.SysDictController.delete()', '[47,48]', '97', '127.0.0.1', '2018-12-07 11:44:45');
INSERT INTO `sys_log` VALUES ('255', 'admin', '删除字典', 'com.qooence.base.admin.modules.sys.controller.SysDictController.delete()', '[46]', '42', '127.0.0.1', '2018-12-07 11:44:54');
INSERT INTO `sys_log` VALUES ('256', 'admin', '删除字典', 'com.qooence.base.admin.modules.sys.controller.SysDictController.delete()', '[1,2,3,5,4,6,17,16,7,8,9,10,11,12,13,14,15,44,45,21,35,34,24,25,26,27,28,29,30,31,32,33,22,23,36,37,38,39,40,43,42,41]', '47', '127.0.0.1', '2018-12-07 11:58:46');
INSERT INTO `sys_log` VALUES ('257', 'admin', '保存字典', 'com.qooence.base.admin.modules.sys.controller.SysDictController.save()', '{\"id\":49,\"code\":\"10000\",\"pCode\":\"0\",\"seq\":1,\"name\":\"布防状态\",\"description\":\"布防状态\"}', '827', '127.0.0.1', '2018-12-07 14:13:24');
INSERT INTO `sys_log` VALUES ('258', 'admin', '保存字典', 'com.qooence.base.admin.modules.sys.controller.SysDictController.save()', '{\"id\":50,\"code\":\"10001\",\"pCode\":\"10000\",\"seq\":1,\"name\":\"布防\",\"description\":\"布防\"}', '76', '127.0.0.1', '2018-12-07 14:13:46');
INSERT INTO `sys_log` VALUES ('259', 'admin', '保存字典', 'com.qooence.base.admin.modules.sys.controller.SysDictController.save()', '{\"id\":51,\"code\":\"10002\",\"pCode\":\"10000\",\"seq\":2,\"name\":\"撤防\",\"description\":\"撤防\"}', '37', '127.0.0.1', '2018-12-07 14:14:08');
INSERT INTO `sys_log` VALUES ('260', 'admin', '保存字典', 'com.qooence.base.admin.modules.sys.controller.SysDictController.save()', '{\"id\":52,\"code\":\"11000\",\"pCode\":\"0\",\"seq\":2,\"name\":\"内置发码器\",\"description\":\"内置发码器\"}', '79', '127.0.0.1', '2018-12-07 14:15:31');
INSERT INTO `sys_log` VALUES ('261', 'admin', '修改字典', 'com.qooence.base.admin.modules.sys.controller.SysDictController.update()', '{\"id\":50,\"code\":\"1\",\"pCode\":\"10000\",\"seq\":1,\"name\":\"布防\",\"description\":\"布防\"}', '64', '127.0.0.1', '2018-12-07 14:16:50');
INSERT INTO `sys_log` VALUES ('262', 'admin', '修改字典', 'com.qooence.base.admin.modules.sys.controller.SysDictController.update()', '{\"id\":51,\"code\":\"2\",\"pCode\":\"10000\",\"seq\":2,\"name\":\"撤防\",\"description\":\"撤防\"}', '42', '127.0.0.1', '2018-12-07 14:17:03');
INSERT INTO `sys_log` VALUES ('263', 'admin', '修改字典', 'com.qooence.base.admin.modules.sys.controller.SysDictController.update()', '{\"id\":49,\"code\":\"10000\",\"pCode\":\"0\",\"seq\":1,\"name\":\"设备当前状态\",\"description\":\"布防状态\"}', '45', '127.0.0.1', '2018-12-07 14:17:37');
INSERT INTO `sys_log` VALUES ('264', 'admin', '保存字典', 'com.qooence.base.admin.modules.sys.controller.SysDictController.save()', '{\"id\":53,\"code\":\"3\",\"pCode\":\"10000\",\"seq\":0,\"name\":\"在家布防\",\"description\":\"在家布防\"}', '36', '127.0.0.1', '2018-12-07 14:18:09');
INSERT INTO `sys_log` VALUES ('265', 'admin', '修改字典', 'com.qooence.base.admin.modules.sys.controller.SysDictController.update()', '{\"id\":53,\"code\":\"3\",\"pCode\":\"10000\",\"seq\":3,\"name\":\"在家布防\",\"description\":\"在家布防\"}', '45', '127.0.0.1', '2018-12-07 14:18:17');
INSERT INTO `sys_log` VALUES ('266', 'admin', '保存字典', 'com.qooence.base.admin.modules.sys.controller.SysDictController.save()', '{\"id\":54,\"code\":\"4\",\"pCode\":\"0\",\"seq\":4,\"name\":\"SOS报警\",\"description\":\"SOS报警\"}', '54', '127.0.0.1', '2018-12-07 14:18:37');
INSERT INTO `sys_log` VALUES ('267', 'admin', '修改字典', 'com.qooence.base.admin.modules.sys.controller.SysDictController.update()', '{\"id\":54,\"code\":\"4\",\"pCode\":\"10000\",\"seq\":4,\"name\":\"SOS报警\",\"description\":\"SOS报警\"}', '35', '127.0.0.1', '2018-12-07 14:18:45');
INSERT INTO `sys_log` VALUES ('268', 'admin', '修改字典', 'com.qooence.base.admin.modules.sys.controller.SysDictController.update()', '{\"id\":52,\"code\":\"11000\",\"pCode\":\"0\",\"seq\":2,\"name\":\"内置发码器开关\",\"description\":\"内置发码器开关\"}', '119', '127.0.0.1', '2018-12-07 14:19:39');
INSERT INTO `sys_log` VALUES ('269', 'admin', '删除字典', 'com.qooence.base.admin.modules.sys.controller.SysDictController.delete()', '[52]', '103', '127.0.0.1', '2018-12-07 14:22:01');
INSERT INTO `sys_log` VALUES ('270', 'admin', '保存路由', 'com.qooence.base.admin.modules.sys.controller.SysRouteController.save()', '{\"id\":48,\"pid\":34,\"path\":\"alarm\",\"name\":\"alarm\",\"title\":\"报警记录\",\"type\":1,\"componentPath\":\"facility/alarm\",\"perms\":\"facility:alarm:list\",\"icon\":\"_woman\",\"hideInMenu\":0,\"orderNum\":5,\"expand\":true}', '342', '127.0.0.1', '2018-12-07 16:19:07');
INSERT INTO `sys_log` VALUES ('271', 'admin', '修改角色', 'com.qooence.base.admin.modules.sys.controller.SysRoleController.update()', '{\"roleId\":23,\"roleName\":\"管理员\",\"remark\":\"管理员\",\"createUserId\":1,\"checkes\":\"1,2,44,5,6,7,4,3,9,45,10,11,8,15,20,46,31,22,30,39,41,47,42,43,40,33\",\"menuIdList\":[1,2,44,5,6,7,4,3,9,45,10,11,8,15,20,46,31,22,30,39,41,47,42,43,40,33]}', '177', '127.0.0.1', '2018-12-12 11:10:27');
INSERT INTO `sys_log` VALUES ('272', 'qoo', '修改路由', 'com.qooence.base.admin.modules.sys.controller.SysRouteController.update()', '{\"id\":25,\"pid\":0,\"path\":\"/multilevel\",\"name\":\"multilevel\",\"title\":\"多级路由展示\",\"type\":0,\"componentPath\":\"multilevel\",\"icon\":\"_bear\",\"hideInMenu\":0,\"orderNum\":8,\"expand\":true}', '98', '127.0.0.1', '2018-12-12 11:20:25');
INSERT INTO `sys_log` VALUES ('273', 'qoo', '修改路由', 'com.qooence.base.admin.modules.sys.controller.SysRouteController.update()', '{\"id\":25,\"pid\":0,\"path\":\"/multilevel\",\"name\":\"multilevel\",\"title\":\"多级路由展示\",\"type\":0,\"componentPath\":\"multilevel\",\"icon\":\"_bear\",\"hideInMenu\":0,\"orderNum\":7,\"expand\":true}', '87', '127.0.0.1', '2018-12-12 11:31:05');
INSERT INTO `sys_log` VALUES ('274', 'qoo', '修改路由', 'com.qooence.base.admin.modules.sys.controller.SysRouteController.update()', '{\"id\":25,\"pid\":0,\"path\":\"/multilevel\",\"name\":\"multilevel\",\"title\":\"多级路由展示\",\"type\":0,\"componentPath\":\"multilevel\",\"icon\":\"_bear\",\"hideInMenu\":0,\"orderNum\":8,\"expand\":true}', '16903', '127.0.0.1', '2018-12-12 11:32:28');
INSERT INTO `sys_log` VALUES ('275', 'qoo', '修改路由', 'com.qooence.base.admin.modules.sys.controller.SysRouteController.update()', '{\"id\":25,\"pid\":0,\"path\":\"/multilevel\",\"name\":\"multilevel\",\"title\":\"多级路由展示\",\"type\":0,\"componentPath\":\"multilevel\",\"icon\":\"_bear\",\"hideInMenu\":0,\"orderNum\":9,\"expand\":true}', '10877', '127.0.0.1', '2018-12-12 11:37:20');
INSERT INTO `sys_log` VALUES ('276', 'qoo', '修改路由', 'com.qooence.base.admin.modules.sys.controller.SysRouteController.update()', '{\"id\":25,\"pid\":0,\"path\":\"/multilevel\",\"name\":\"multilevel\",\"title\":\"多级路由展示\",\"type\":0,\"componentPath\":\"multilevel\",\"icon\":\"_bear\",\"hideInMenu\":0,\"orderNum\":2,\"expand\":true}', '37', '127.0.0.1', '2018-12-12 11:37:48');
INSERT INTO `sys_log` VALUES ('277', 'admin', '修改路由', 'com.qooence.base.admin.modules.sys.controller.SysRouteController.update()', '{\"id\":25,\"pid\":0,\"path\":\"/multilevel\",\"name\":\"multilevel\",\"title\":\"多级路由展示\",\"type\":0,\"componentPath\":\"multilevel\",\"icon\":\"_bear\",\"hideInMenu\":0,\"orderNum\":7,\"expand\":true}', '33', '127.0.0.1', '2018-12-12 11:39:13');
INSERT INTO `sys_log` VALUES ('278', 'admin', '保存角色', 'com.qooence.base.admin.modules.sys.controller.SysRoleController.save()', '{\"roleId\":25,\"roleName\":\"测试redis\",\"remark\":\"测试redis\",\"createUserId\":1,\"checkes\":\"25,26,27,28,29,32\",\"menuIdList\":[25,26,27,28,29,32],\"createTime\":\"Dec 12, 2018 1:36:39 PM\"}', '183', '127.0.0.1', '2018-12-12 13:36:40');
INSERT INTO `sys_log` VALUES ('279', 'admin', '删除角色', 'com.qooence.base.admin.modules.sys.controller.SysRoleController.delete()', '[25]', '58', '127.0.0.1', '2018-12-12 13:37:43');
INSERT INTO `sys_log` VALUES ('280', 'yyzzt', '修改用户', 'com.qooence.base.admin.modules.sys.controller.SysUserController.update()', '{\"userId\":18,\"username\":\"yyzzt\",\"password\":\"65097d79c3cf11bda0dd64e2335b87b74230d2a94dfc0187f6ac6cd7809104b3\",\"salt\":\"0MET9lzBw8SM2kryS9hM\",\"name\":\"yiyangzzt\",\"status\":0,\"roleIdList\":[23],\"createUserId\":18,\"updateTime\":\"Dec 12, 2018 3:16:29 PM\"}', '143', '127.0.0.1', '2018-12-12 15:16:29');
INSERT INTO `sys_log` VALUES ('281', 'admin', '修改用户', 'com.qooence.base.admin.modules.sys.controller.SysUserController.update()', '{\"userId\":18,\"username\":\"yyzzt\",\"password\":\"65097d79c3cf11bda0dd64e2335b87b74230d2a94dfc0187f6ac6cd7809104b3\",\"salt\":\"0MET9lzBw8SM2kryS9hM\",\"name\":\"yiyangzzt\",\"status\":1,\"roleIdList\":[23],\"createUserId\":1,\"updateTime\":\"Dec 12, 2018 3:16:54 PM\"}', '64', '127.0.0.1', '2018-12-12 15:16:55');

-- ----------------------------
-- Table structure for sys_role
-- ----------------------------
DROP TABLE IF EXISTS `sys_role`;
CREATE TABLE `sys_role` (
  `role_id` bigint(20) NOT NULL AUTO_INCREMENT,
  `role_name` varchar(100) DEFAULT NULL COMMENT '角色名称',
  `remark` varchar(100) DEFAULT NULL COMMENT '备注',
  `create_user_id` bigint(20) DEFAULT NULL COMMENT '创建者ID',
  `create_time` datetime DEFAULT NULL COMMENT '创建时间',
  `checkes` varchar(255) DEFAULT NULL COMMENT '被勾选的路由ID 用于分配路由 修改路由时 路由树勾选回显',
  PRIMARY KEY (`role_id`)
) ENGINE=InnoDB AUTO_INCREMENT=26 DEFAULT CHARSET=utf8 COMMENT='角色';

-- ----------------------------
-- Records of sys_role
-- ----------------------------
INSERT INTO `sys_role` VALUES ('1', '超级管理员', '超级管理员', '1', '2018-11-30 11:14:42', null);
INSERT INTO `sys_role` VALUES ('23', '管理员', '管理员', '1', '2018-11-30 18:46:04', '1,2,44,5,6,7,4,3,9,45,10,11,8,15,20,46,31,22,30,39,41,47,42,43,40,33');
INSERT INTO `sys_role` VALUES ('24', '用户', '用户', '1', '2018-11-30 18:46:21', '34,35,36,37,38');

-- ----------------------------
-- Table structure for sys_role_route
-- ----------------------------
DROP TABLE IF EXISTS `sys_role_route`;
CREATE TABLE `sys_role_route` (
  `id` bigint(20) NOT NULL AUTO_INCREMENT,
  `role_id` bigint(20) DEFAULT NULL COMMENT '角色id',
  `route_id` bigint(20) DEFAULT NULL COMMENT '路由id',
  PRIMARY KEY (`id`)
) ENGINE=InnoDB AUTO_INCREMENT=299 DEFAULT CHARSET=utf8;

-- ----------------------------
-- Records of sys_role_route
-- ----------------------------
INSERT INTO `sys_role_route` VALUES ('262', '24', '34');
INSERT INTO `sys_role_route` VALUES ('263', '24', '35');
INSERT INTO `sys_role_route` VALUES ('264', '24', '36');
INSERT INTO `sys_role_route` VALUES ('265', '24', '37');
INSERT INTO `sys_role_route` VALUES ('266', '24', '38');
INSERT INTO `sys_role_route` VALUES ('267', '23', '1');
INSERT INTO `sys_role_route` VALUES ('268', '23', '2');
INSERT INTO `sys_role_route` VALUES ('269', '23', '44');
INSERT INTO `sys_role_route` VALUES ('270', '23', '5');
INSERT INTO `sys_role_route` VALUES ('271', '23', '6');
INSERT INTO `sys_role_route` VALUES ('272', '23', '7');
INSERT INTO `sys_role_route` VALUES ('273', '23', '4');
INSERT INTO `sys_role_route` VALUES ('274', '23', '3');
INSERT INTO `sys_role_route` VALUES ('275', '23', '9');
INSERT INTO `sys_role_route` VALUES ('276', '23', '45');
INSERT INTO `sys_role_route` VALUES ('277', '23', '10');
INSERT INTO `sys_role_route` VALUES ('278', '23', '11');
INSERT INTO `sys_role_route` VALUES ('279', '23', '8');
INSERT INTO `sys_role_route` VALUES ('280', '23', '15');
INSERT INTO `sys_role_route` VALUES ('281', '23', '20');
INSERT INTO `sys_role_route` VALUES ('282', '23', '46');
INSERT INTO `sys_role_route` VALUES ('283', '23', '31');
INSERT INTO `sys_role_route` VALUES ('284', '23', '22');
INSERT INTO `sys_role_route` VALUES ('285', '23', '30');
INSERT INTO `sys_role_route` VALUES ('286', '23', '39');
INSERT INTO `sys_role_route` VALUES ('287', '23', '41');
INSERT INTO `sys_role_route` VALUES ('288', '23', '47');
INSERT INTO `sys_role_route` VALUES ('289', '23', '42');
INSERT INTO `sys_role_route` VALUES ('290', '23', '43');
INSERT INTO `sys_role_route` VALUES ('291', '23', '40');
INSERT INTO `sys_role_route` VALUES ('292', '23', '33');

-- ----------------------------
-- Table structure for sys_route
-- ----------------------------
DROP TABLE IF EXISTS `sys_route`;
CREATE TABLE `sys_route` (
  `id` bigint(20) NOT NULL AUTO_INCREMENT COMMENT 'Id',
  `pid` bigint(20) DEFAULT NULL COMMENT '父id',
  `path` varchar(128) DEFAULT NULL COMMENT '路由路径',
  `name` varchar(128) DEFAULT NULL COMMENT '路由名',
  `title` varchar(64) DEFAULT NULL COMMENT '标题',
  `type` int(11) DEFAULT NULL COMMENT '类型     0：目录   1：菜单   2：按钮',
  `component_path` varchar(256) DEFAULT NULL COMMENT '组件路径',
  `perms` varchar(255) DEFAULT NULL COMMENT '授权(多个用逗号分隔，如：user:list,user:create)',
  `icon` varchar(64) DEFAULT NULL COMMENT '图标',
  `hide_in_menu` varchar(255) DEFAULT NULL COMMENT '隐藏路由',
  `order_num` int(11) DEFAULT NULL COMMENT '排序',
  PRIMARY KEY (`id`)
) ENGINE=InnoDB AUTO_INCREMENT=49 DEFAULT CHARSET=utf8;

-- ----------------------------
-- Records of sys_route
-- ----------------------------
INSERT INTO `sys_route` VALUES ('1', '0', '/system', 'system', '系统管理', '0', 'Main', '', 'ios-book', '0', '6');
INSERT INTO `sys_route` VALUES ('2', '1', 'user', 'user', '用户管理', '1', 'system/user', '', 'ios-book', '0', '1');
INSERT INTO `sys_route` VALUES ('3', '1', 'role', 'role', '角色管理', '1', 'system/role', '', 'ios-book', '0', '2');
INSERT INTO `sys_route` VALUES ('4', '2', null, null, '详情', '2', null, 'sys:user:info', null, null, '4');
INSERT INTO `sys_route` VALUES ('5', '2', null, null, '新增', '2', null, 'sys:user:save,sys:user:info', null, null, '1');
INSERT INTO `sys_route` VALUES ('6', '2', null, null, '修改', '2', null, 'sys:user:update', null, null, '2');
INSERT INTO `sys_route` VALUES ('7', '2', null, null, '删除', '2', null, 'sys:user:delete', null, null, '3');
INSERT INTO `sys_route` VALUES ('8', '3', null, null, '详情', '2', null, 'sys:role:info', null, null, '3');
INSERT INTO `sys_route` VALUES ('9', '3', null, null, '新增', '2', null, 'sys:role:save,sys:role:info', null, null, '0');
INSERT INTO `sys_route` VALUES ('10', '3', null, null, '修改', '2', null, 'sys:role:update', null, null, '1');
INSERT INTO `sys_route` VALUES ('11', '3', null, null, '删除', '2', null, 'sys:role:delete', null, '0', '2');
INSERT INTO `sys_route` VALUES ('15', '1', 'route', 'route', '菜单管理', '1', 'system/route', '', 'ios-book', '0', '3');
INSERT INTO `sys_route` VALUES ('20', '15', null, null, '新增', '2', null, 'sys:route:save', null, null, '0');
INSERT INTO `sys_route` VALUES ('22', '15', null, null, '删除', '2', null, 'sys:route:delete', null, null, '2');
INSERT INTO `sys_route` VALUES ('25', '0', '/multilevel', 'multilevel', '多级路由展示', '0', 'multilevel', null, '_bear', '0', '7');
INSERT INTO `sys_route` VALUES ('26', '25', 'level_2_1', 'level_2_1', '二级一', '1', 'multilevel/level-2-1', null, '_bear', '0', '0');
INSERT INTO `sys_route` VALUES ('27', '25', 'level_2_2', 'level_2_2', '二级二', '1', 'parentView', null, '_bear', '0', '1');
INSERT INTO `sys_route` VALUES ('28', '27', 'level_2_2_1', 'level_2_2_1', '三级一', '1', 'multilevel/level-2-2/level-3-1', null, '_bear', '0', '1');
INSERT INTO `sys_route` VALUES ('29', '27', 'level_2_2_2', 'level_2_2_2', '三级二', '1', 'multilevel/level-2-2/level-3-1', null, '_bear', '0', '2');
INSERT INTO `sys_route` VALUES ('30', '15', null, null, '详情', '2', null, 'sys:route:info', null, '0', '3');
INSERT INTO `sys_route` VALUES ('31', '15', null, null, '编辑', '2', null, 'sys:route:update,sys:route:info', null, '0', '1');
INSERT INTO `sys_route` VALUES ('32', '25', 'level_2_3', 'level_2_3', '二级三', '1', 'multilevel/level-2-3', null, '_bear', '0', '2');
INSERT INTO `sys_route` VALUES ('33', '1', 'log', 'log', '系统日志', '1', 'system/log', 'sys:log:list', '_frown', '0', '5');
INSERT INTO `sys_route` VALUES ('34', '0', '/facility', 'facility', '设备管理', '0', 'Main', null, '_woman', '0', '1');
INSERT INTO `sys_route` VALUES ('35', '34', 'device', 'device', '设备管理', '1', 'facility/device', 'facility:device:list', '_man', '0', '1');
INSERT INTO `sys_route` VALUES ('36', '34', 'remote', 'remote', '遥控器管理', '1', 'facility/remote', 'facility:remote:list', '_woman', '0', '2');
INSERT INTO `sys_route` VALUES ('37', '34', 'sensor', 'sensor', '配件管理', '1', 'facility/sensor', 'facility:sensor:list', '_man', '0', '3');
INSERT INTO `sys_route` VALUES ('38', '34', 'zone', 'zone', '防区管理', '1', 'facility/zone', 'facility:zone:list', '_man', '0', '4');
INSERT INTO `sys_route` VALUES ('39', '1', 'dict', 'dict', '字典管理', '1', 'system/dict', '', '_bear', '0', '4');
INSERT INTO `sys_route` VALUES ('40', '39', null, null, '详情', '2', null, 'sys:dict:info', null, '0', '3');
INSERT INTO `sys_route` VALUES ('41', '39', null, null, '新增', '2', null, 'sys:dict:save', null, '0', '0');
INSERT INTO `sys_route` VALUES ('42', '39', null, null, '修改', '2', null, 'sys:dict:info,sys:dict:update', null, '0', '1');
INSERT INTO `sys_route` VALUES ('43', '39', null, null, '删除', '2', null, 'sys:dict:delete', null, '0', '2');
INSERT INTO `sys_route` VALUES ('44', '2', null, null, '列表', '2', null, 'sys:user:list', null, '0', '0');
INSERT INTO `sys_route` VALUES ('45', '3', null, null, '列表', '2', null, 'sys:role:list', null, '0', '0');
INSERT INTO `sys_route` VALUES ('46', '15', null, null, '列表', '2', null, 'sys:route:list', null, '0', '0');
INSERT INTO `sys_route` VALUES ('47', '39', null, null, '列表', '2', null, 'sys:dict:list', null, '0', '0');
INSERT INTO `sys_route` VALUES ('48', '34', 'alarm', 'alarm', '报警记录', '1', 'facility/alarm', 'facility:alarm:list', '_woman', '0', '5');

-- ----------------------------
-- Table structure for sys_user
-- ----------------------------
DROP TABLE IF EXISTS `sys_user`;
CREATE TABLE `sys_user` (
  `user_id` bigint(20) NOT NULL AUTO_INCREMENT,
  `username` varchar(50) NOT NULL COMMENT '用户名',
  `name` varchar(20) DEFAULT NULL COMMENT '名称',
  `password` varchar(100) DEFAULT NULL COMMENT '密码',
  `salt` varchar(20) DEFAULT NULL COMMENT '盐',
  `email` varchar(100) DEFAULT NULL COMMENT '邮箱',
  `mobile` varchar(100) DEFAULT NULL COMMENT '手机号',
  `avator_path` varchar(255) DEFAULT NULL,
  `status` tinyint(4) DEFAULT NULL COMMENT '状态  0：禁用   1：正常',
  `create_user_id` bigint(20) DEFAULT NULL COMMENT '创建者ID',
  `create_time` datetime DEFAULT NULL COMMENT '创建时间',
  `update_user_id` bigint(20) DEFAULT NULL COMMENT '更新者ID',
  `update_time` datetime DEFAULT NULL COMMENT '更新时间',
  PRIMARY KEY (`user_id`),
  UNIQUE KEY `username` (`username`)
) ENGINE=InnoDB AUTO_INCREMENT=20 DEFAULT CHARSET=utf8 COMMENT='系统用户';

-- ----------------------------
-- Records of sys_user
-- ----------------------------
INSERT INTO `sys_user` VALUES ('1', 'admin', '超级管理员', '9ec9750e709431dad22365cabc5c625482e574c74adaebba7dd02f1129e4ce1d', 'YzcmCZNvbXocrsz9dm8e', '124@qq.com', '13612345678', null, '1', '1', '2016-11-11 11:11:11', '1', '2018-11-27 14:48:10');
INSERT INTO `sys_user` VALUES ('17', 'thzzc', 'thzzc', '3301b1f6585166d8665b3effdba0673a233dee7c560991d8377cbb2f4133adb1', 'NIvmPeJs91zrcs2VUXzV', null, null, null, '1', '1', '2018-11-30 18:23:32', null, '2018-11-30 18:46:36');
INSERT INTO `sys_user` VALUES ('18', 'yyzzt', 'yiyangzzt', '65097d79c3cf11bda0dd64e2335b87b74230d2a94dfc0187f6ac6cd7809104b3', '0MET9lzBw8SM2kryS9hM', null, null, null, '1', '1', '2018-11-30 18:25:40', null, '2018-12-12 15:16:55');
INSERT INTO `sys_user` VALUES ('19', 'qoo', 'QOO', 'de3f9b126ba6adc74d1b7dcc69cccaba7796e9b9e9204fc47984f4ce09130868', 'j7c9LBa9sI6g90HoprjI', null, null, null, '1', '1', '2018-11-30 18:47:01', null, null);

-- ----------------------------
-- Table structure for sys_user_role
-- ----------------------------
DROP TABLE IF EXISTS `sys_user_role`;
CREATE TABLE `sys_user_role` (
  `id` bigint(20) NOT NULL AUTO_INCREMENT,
  `user_id` bigint(20) DEFAULT NULL COMMENT '用户ID',
  `role_id` bigint(20) DEFAULT NULL COMMENT '角色ID',
  PRIMARY KEY (`id`)
) ENGINE=InnoDB AUTO_INCREMENT=64 DEFAULT CHARSET=utf8 COMMENT='用户与角色对应关系';

-- ----------------------------
-- Records of sys_user_role
-- ----------------------------
INSERT INTO `sys_user_role` VALUES ('58', '17', '24');
INSERT INTO `sys_user_role` VALUES ('60', '19', '23');
INSERT INTO `sys_user_role` VALUES ('61', '19', '24');
INSERT INTO `sys_user_role` VALUES ('63', '18', '23');

-- ----------------------------
-- Table structure for sys_user_token
-- ----------------------------
DROP TABLE IF EXISTS `sys_user_token`;
CREATE TABLE `sys_user_token` (
  `user_id` bigint(20) NOT NULL,
  `token` varchar(100) NOT NULL COMMENT 'token',
  `expire_time` datetime DEFAULT NULL COMMENT '过期时间',
  `update_time` datetime DEFAULT NULL COMMENT '更新时间',
  PRIMARY KEY (`user_id`),
  UNIQUE KEY `token` (`token`)
) ENGINE=InnoDB DEFAULT CHARSET=utf8 COMMENT='系统用户Token';

-- ----------------------------
-- Records of sys_user_token
-- ----------------------------
INSERT INTO `sys_user_token` VALUES ('1', '3491255cec71a404d5013cb9c792b198', '2018-12-13 03:36:04', '2018-12-12 15:36:04');
INSERT INTO `sys_user_token` VALUES ('2', 'e373ca0a6e32e00428e3b67470eb0a78', '2018-11-28 07:12:32', '2018-11-27 19:12:32');
INSERT INTO `sys_user_token` VALUES ('3', '74fe966ccc98fc15f2449f5e726bf0c9', '2018-11-28 07:04:20', '2018-11-27 19:04:20');
INSERT INTO `sys_user_token` VALUES ('12', 'e8cef2f96aab10b4a492710f4569492c', '2018-11-30 22:16:56', '2018-11-30 10:16:56');
INSERT INTO `sys_user_token` VALUES ('17', 'bd61f0cd4bf66be4232229497120d4b1', '2018-12-12 23:03:30', '2018-12-12 11:03:30');
INSERT INTO `sys_user_token` VALUES ('18', '96081e6188cc818b31004fd6a231834c', '2018-12-13 03:33:48', '2018-12-12 15:33:48');
INSERT INTO `sys_user_token` VALUES ('19', '9342b99ab7b1caa004a2d9daede8dbbf', '2018-12-12 23:11:14', '2018-12-12 11:11:14');
INSERT INTO `sys_user_token` VALUES ('20', '84c6ab38cb322a6f7705b5f1fad2c2db', '2018-12-01 07:18:55', '2018-11-30 19:18:55');
